#
# There is insufficient memory for the Java Runtime Environment to continue.
# Native memory allocation (mmap) failed to map 65536 bytes. Error detail: Failed to commit metaspace.
# Possible reasons:
#   The system is out of physical RAM or swap space
#   This process is running with CompressedOops enabled, and the Java Heap may be blocking the growth of the native heap
# Possible solutions:
#   Reduce memory load on the system
#   Increase physical memory or swap space
#   Check if swap backing store is full
#   Decrease Java heap size (-Xmx/-Xms)
#   Decrease number of Java threads
#   Decrease Java thread stack sizes (-Xss)
#   Set larger code cache with -XX:ReservedCodeCacheSize=
#   JVM is running with Unscaled Compressed Oops mode in which the Java heap is
#     placed in the first 4GB address space. The Java Heap base address is the
#     maximum limit for the native heap growth. Please use -XX:HeapBaseMinAddress
#     to set the Java Heap base and to place the Java Heap above 4GB virtual address.
# This output file may be truncated or incomplete.
#
#  Out of Memory Error (virtualSpaceNode.cpp:113), pid=14208, tid=15976
#
# JRE version: OpenJDK Runtime Environment Temurin-21.0.5+11 (21.0.5+11) (build 21.0.5+11-LTS)
# Java VM: OpenJDK 64-Bit Server VM Temurin-21.0.5+11 (21.0.5+11-LTS, mixed mode, sharing, tiered, compressed oops, compressed class ptrs, parallel gc, windows-amd64)
# No core dump will be written. Minidumps are not enabled by default on client versions of Windows
#

---------------  S U M M A R Y ------------

Command Line: --add-modules=ALL-SYSTEM --add-opens=java.base/java.util=ALL-UNNAMED --add-opens=java.base/java.lang=ALL-UNNAMED --add-opens=java.base/sun.nio.fs=ALL-UNNAMED -Declipse.application=org.eclipse.jdt.ls.core.id1 -Dosgi.bundles.defaultStartLevel=4 -Declipse.product=org.eclipse.jdt.ls.core.product -Djava.import.generatesMetadataFilesAtProjectRoot=false -DDetectVMInstallationsJob.disabled=true -Dfile.encoding=utf8 -Xlog:disable -XX:+UseParallelGC -Xmx512m -Djava.net.preferIPv4Stack=true -javaagent:c:\Users\ELCOT\.vscode\extensions\redhat.java-1.55.0-win32-x64\lombok\lombok-1.18.39-4050.jar -XX:+HeapDumpOnOutOfMemoryError -XX:HeapDumpPath=c:\Users\ELCOT\AppData\Roaming\Code\User\workspaceStorage\f02c9adc40307c361029f37c68615d85\redhat.java -Daether.dependencyCollector.impl=bf c:\Users\ELCOT\.vscode\extensions\redhat.java-1.55.0-win32-x64\server\plugins\org.eclipse.equinox.launcher_1.7.200.v20260619-2039.jar -configuration c:\Users\ELCOT\AppData\Roaming\Code\User\globalStorage\redhat.java\1.55.0\config_win -data c:\Users\ELCOT\AppData\Roaming\Code\User\workspaceStorage\f02c9adc40307c361029f37c68615d85\redhat.java\jdt_ws --pipe=\\.\pipe\lsp-f4dca6660475ac97bafa53965c33e1be-sock

Host: AMD Ryzen 3 7320U with Radeon Graphics         , 8 cores, 7G,  Windows 11 , 64 bit Build 26100 (10.0.26100.8521)
Time: Sat Jul 11 10:22:53 2026 India Standard Time elapsed time: 2831.747978 seconds (0d 0h 47m 11s)

---------------  T H R E A D  ---------------

Current thread (0x000001ba0513b5b0):  JavaThread "ForkJoinPool.commonPool-worker-21" daemon [_thread_in_vm, id=15976, stack(0x0000006341200000,0x0000006341300000) (1024K)]

Stack: [0x0000006341200000,0x0000006341300000]
Native frames: (J=compiled Java code, j=interpreted, Vv=VM code, C=native code)
V  [jvm.dll+0x6cd4e9]
V  [jvm.dll+0x8a7941]
V  [jvm.dll+0x8a9e6e]
V  [jvm.dll+0x8aa543]
V  [jvm.dll+0x27f6d6]
V  [jvm.dll+0x8a368e]
V  [jvm.dll+0x6701c5]
V  [jvm.dll+0x1e470c]
V  [jvm.dll+0x1e44de]
V  [jvm.dll+0x672ac2]
V  [jvm.dll+0x6728e2]
V  [jvm.dll+0x670b9e]
V  [jvm.dll+0x2693ef]
V  [jvm.dll+0x67ae05]
V  [jvm.dll+0x2155fd]
V  [jvm.dll+0x215b7a]
V  [jvm.dll+0x2165a5]
V  [jvm.dll+0x20bb6e]
V  [jvm.dll+0x5ae1dc]
V  [jvm.dll+0x820ca6]
V  [jvm.dll+0x4715b6]
V  [jvm.dll+0x477488]
C  [java.dll+0x17ec]

Java frames: (J=compiled Java code, j=interpreted, Vv=VM code)
J 1125  java.lang.ClassLoader.defineClass1(Ljava/lang/ClassLoader;Ljava/lang/String;[BIILjava/security/ProtectionDomain;Ljava/lang/String;)Ljava/lang/Class; java.base@21.0.5 (0 bytes) @ 0x000001ba32194611 [0x000001ba32194540+0x00000000000000d1]
J 18257 c1 java.lang.ClassLoader.defineClass(Ljava/lang/String;[BIILjava/security/ProtectionDomain;)Ljava/lang/Class; java.base@21.0.5 (43 bytes) @ 0x000001ba2cf1c6a4 [0x000001ba2cf1c560+0x0000000000000144]
J 13692 c2 org.eclipse.osgi.internal.loader.classpath.ClasspathManager.defineClass(Ljava/lang/String;[BLorg/eclipse/osgi/internal/loader/classpath/ClasspathEntry;Lorg/eclipse/osgi/storage/bundlefile/BundleEntry;Ljava/util/List;)Ljava/lang/Class; (636 bytes) @ 0x000001ba32a75764 [0x000001ba32a74840+0x0000000000000f24]
J 18246 c2 org.eclipse.osgi.internal.loader.classpath.ClasspathManager.findClassImpl(Ljava/lang/String;Lorg/eclipse/osgi/internal/loader/classpath/ClasspathEntry;Ljava/util/List;)Ljava/lang/Class; (328 bytes) @ 0x000001ba3312ae04 [0x000001ba3312a400+0x0000000000000a04]
J 6104 c2 org.eclipse.osgi.internal.loader.classpath.ClasspathManager.findLocalClass(Ljava/lang/String;)Ljava/lang/Class; (210 bytes) @ 0x000001ba323e2aac [0x000001ba323e1fa0+0x0000000000000b0c]
J 7252 c2 org.eclipse.osgi.internal.loader.BundleLoader.findLocalClass(Ljava/lang/String;)Ljava/lang/Class; (159 bytes) @ 0x000001ba324f7188 [0x000001ba324f70e0+0x00000000000000a8]
J 2808 c1 org.eclipse.osgi.internal.loader.sources.SingleSourcePackage.loadClass(Ljava/lang/String;)Ljava/lang/Class; (9 bytes) @ 0x000001ba2abce04c [0x000001ba2abcdf40+0x000000000000010c]
J 5526 c2 org.eclipse.osgi.internal.loader.BundleLoader.findClass0(Ljava/lang/String;ZZ)Ljava/lang/Class; (490 bytes) @ 0x000001ba323a429c [0x000001ba323a2860+0x0000000000001a3c]
J 5539 c2 org.eclipse.osgi.internal.loader.ModuleClassLoader.loadClass(Ljava/lang/String;Z)Ljava/lang/Class; (36 bytes) @ 0x000001ba3237c328 [0x000001ba3237c240+0x00000000000000e8]
J 3992 c2 java.lang.ClassLoader.loadClass(Ljava/lang/String;)Ljava/lang/Class; java.base@21.0.5 (7 bytes) @ 0x000001ba322dfaec [0x000001ba322dfaa0+0x000000000000004c]
v  ~StubRoutines::call_stub 0x000001ba31b8100d
j  org.eclipse.jdt.ls.core.internal.corrections.QuickFixProcessor.process(Lorg/eclipse/lsp4j/CodeActionParams;Lorg/eclipse/jdt/ui/text/java/IInvocationContext;Lorg/eclipse/jdt/ui/text/java/IProblemLocation;Ljava/util/Collection;)V+2544
j  org.eclipse.jdt.ls.core.internal.corrections.QuickFixProcessor.getCorrections(Lorg/eclipse/lsp4j/CodeActionParams;Lorg/eclipse/jdt/ui/text/java/IInvocationContext;[Lorg/eclipse/jdt/ui/text/java/IProblemLocation;)Ljava/util/List;+63
j  org.eclipse.jdt.ls.core.internal.handlers.CodeActionHandler.getCodeActionCommands(Lorg/eclipse/lsp4j/CodeActionParams;Lorg/eclipse/core/runtime/IProgressMonitor;)Ljava/util/List;+445
j  org.eclipse.jdt.ls.core.internal.handlers.JDTLanguageServer.lambda$15(Lorg/eclipse/jdt/ls/core/internal/handlers/CodeActionHandler;Lorg/eclipse/lsp4j/CodeActionParams;Lorg/eclipse/core/runtime/IProgressMonitor;)Ljava/util/List;+16
j  org.eclipse.jdt.ls.core.internal.handlers.JDTLanguageServer$$Lambda+0x000001ba3c62f358.apply(Ljava/lang/Object;)Ljava/lang/Object;+16
J 17018 c1 org.eclipse.jdt.ls.core.internal.BaseJDTLanguageServer$$Lambda+0x000001ba3c578238.apply(Ljava/lang/Object;)Ljava/lang/Object; (16 bytes) @ 0x000001ba2cb12ab4 [0x000001ba2cb12680+0x0000000000000434]
J 14657 c1 java.util.concurrent.CompletableFuture$UniApply.tryFire(I)Ljava/util/concurrent/CompletableFuture; java.base@21.0.5 (149 bytes) @ 0x000001ba2c681284 [0x000001ba2c680bc0+0x00000000000006c4]
J 18016 c1 java.util.concurrent.CompletableFuture$Completion.exec()Z java.base@21.0.5 (8 bytes) @ 0x000001ba2ce536d4 [0x000001ba2ce535c0+0x0000000000000114]
J 16611 c2 java.util.concurrent.ForkJoinTask.doExec()I java.base@21.0.5 (37 bytes) @ 0x000001ba32e78674 [0x000001ba32e78560+0x0000000000000114]
J 15581 c1 java.util.concurrent.ForkJoinPool$WorkQueue.topLevelExec(Ljava/util/concurrent/ForkJoinTask;Ljava/util/concurrent/ForkJoinPool$WorkQueue;)V java.base@21.0.5 (83 bytes) @ 0x000001ba2c8f9204 [0x000001ba2c8f9120+0x00000000000000e4]
J 17083 c1 java.util.concurrent.ForkJoinPool.scan(Ljava/util/concurrent/ForkJoinPool$WorkQueue;II)I java.base@21.0.5 (263 bytes) @ 0x000001ba2cb3967c [0x000001ba2cb390c0+0x00000000000005bc]
j  java.util.concurrent.ForkJoinPool.runWorker(Ljava/util/concurrent/ForkJoinPool$WorkQueue;)V+35 java.base@21.0.5
j  java.util.concurrent.ForkJoinWorkerThread.run()V+31 java.base@21.0.5
v  ~StubRoutines::call_stub 0x000001ba31b8100d

Compiled method (n/a) 2831789 1125     n 0       java.lang.ClassLoader::defineClass1 (native)
 total in heap  [0x000001ba32194390,0x000001ba32194818] = 1160
 relocation     [0x000001ba321944f0,0x000001ba32194528] = 56
 main code      [0x000001ba32194540,0x000001ba32194816] = 726
 stub code      [0x000001ba32194816,0x000001ba32194818] = 2

[Constant Pool (empty)]

[MachCode]
[Entry Point]
  # {method} {0x000001ba3b430ca0} 'defineClass1' '(Ljava/lang/ClassLoader;Ljava/lang/String;[BIILjava/security/ProtectionDomain;Ljava/lang/String;)Ljava/lang/Class;' in 'java/lang/ClassLoader'
  # parm0:    rdx:rdx   = 'java/lang/ClassLoader'
  # parm1:    r8:r8     = 'java/lang/String'
  # parm2:    r9:r9     = '[B'
  # parm3:    rdi       = int
  # parm4:    rsi       = int
  # parm5:    rcx:rcx   = 'java/security/ProtectionDomain'
  # parm6:    [sp+0xa0]   = 'java/lang/String'  (sp of caller)
  0x000001ba32194540: 448b 5208 | 49bb 0000 | 003b ba01 | 0000 4d03 | d349 3bc2 | 0f84 0600 

  0x000001ba32194558: ;   {runtime_call ic_miss_stub}
  0x000001ba32194558: 0000 e921 | 9fa3 ff90 
[Verified Entry Point]
  0x000001ba32194560: 8984 2400 | 80ff ff55 | 488b ec48 | 81ec 9000 | 0000 6690 | 4181 7f20 | 0500 0000 

  0x000001ba3219457c: ;   {runtime_call StubRoutines (final stubs)}
  0x000001ba3219457c: 7405 e85d | 44a2 ff48 | 837d 1000 | 488d 4510 | 480f 4445 | 1048 8944 | 2440 4889 | 4c24 7048 
  0x000001ba3219459c: 83f9 0048 | 8d44 2470 | 480f 4444 | 2470 4889 | 4424 3848 | 8974 2430 | 4889 7c24 | 284c 894c 
  0x000001ba321945bc: 2458 4983 | f900 488d | 4424 5848 | 0f44 4424 | 5848 8944 | 2420 4c89 | 4424 5049 | 83f8 004c 
  0x000001ba321945dc: 8d4c 2450 | 4c0f 444c | 2450 4889 | 5424 4848 | 83fa 004c | 8d44 2448 | 4c0f 4444 

  0x000001ba321945f8: ;   {oop(a 'java/lang/Class'{0x00000000e0838fa8} = 'java/lang/ClassLoader')}
  0x000001ba321945f8: 2448 49be | a88f 83e0 | 0000 0000 | 4c89 7424 | 784c 8d74 | 2478 498b | d6c5 f877 

  0x000001ba32194614: ;   {internal_word}
  0x000001ba32194614: 49ba 1146 | 1932 ba01 | 0000 4d89 | 97a0 0300 | 0049 89a7 | 9803 0000 

  0x000001ba3219462c: ;   {external_word}
  0x000001ba3219462c: 49ba 354b | 6715 fc7f | 0000 4180 | 3a00 0f84 | 4e00 0000 | 5241 5041 

  0x000001ba32194644: ;   {metadata({method} {0x000001ba3b430ca0} 'defineClass1' '(Ljava/lang/ClassLoader;Ljava/lang/String;[BIILjava/security/ProtectionDomain;Ljava/lang/String;)Ljava/lang/Class;' in 'java/lang/ClassLoader')}
  0x000001ba32194644: 5148 ba98 | 0c43 3bba | 0100 0049 | 8bcf 4883 | ec20 40f6 | c40f 0f84 | 1900 0000 | 4883 ec08 
  0x000001ba32194664: ;   {runtime_call}
  0x000001ba32194664: 48b8 5041 | 1115 fc7f | 0000 ffd0 | 4883 c408 | e90c 0000 

  0x000001ba32194678: ;   {runtime_call}
  0x000001ba32194678: 0048 b850 | 4111 15fc | 7f00 00ff | d048 83c4 | 2041 5941 | 585a 498d | 8fb8 0300 | 0041 c787 
  0x000001ba32194698: 4404 0000 | 0400 0000 

  0x000001ba321946a0: ;   {runtime_call}
  0x000001ba321946a0: 48b8 ac16 | 9a14 fc7f | 0000 ffd0 | c5f8 7741 | c787 4404 | 0000 0500 | 0000 f083 | 4424 c000 
  0x000001ba321946c0: 493b af48 | 0400 000f | 870e 0000 | 0041 83bf | 4004 0000 | 000f 842b | 0000 00c5 | f877 4889 
  0x000001ba321946e0: 45f8 498b | cf4c 8be4 | 4883 ec20 | 4883 e4f0 

  0x000001ba321946f0: ;   {runtime_call}
  0x000001ba321946f0: 48b8 e0cd | dc14 fc7f | 0000 ffd0 | 498b e44d | 33e4 488b | 45f8 41c7 | 8744 0400 | 0008 0000 
  0x000001ba32194710: 0041 83bf | c004 0000 | 020f 84ca 

  0x000001ba3219471c: ;   {external_word}
  0x000001ba3219471c: 0000 0049 | ba35 4b67 | 15fc 7f00 | 0041 803a | 000f 844c | 0000 0048 

  0x000001ba32194734: ;   {metadata({method} {0x000001ba3b430ca0} 'defineClass1' '(Ljava/lang/ClassLoader;Ljava/lang/String;[BIILjava/security/ProtectionDomain;Ljava/lang/String;)Ljava/lang/Class;' in 'java/lang/ClassLoader')}
  0x000001ba32194734: 8945 f848 | ba98 0c43 | 3bba 0100 | 0049 8bcf | 4883 ec20 | 40f6 c40f | 0f84 1900 | 0000 4883 
  0x000001ba32194754: ;   {runtime_call}
  0x000001ba32194754: ec08 48b8 | 5041 1115 | fc7f 0000 | ffd0 4883 | c408 e90c 

  0x000001ba32194768: ;   {runtime_call}
  0x000001ba32194768: 0000 0048 | b850 4111 | 15fc 7f00 | 00ff d048 | 83c4 2048 | 8b45 f849 | c787 9803 | 0000 0000 
  0x000001ba32194788: 0000 49c7 | 87a0 0300 | 0000 0000 | 00c5 f877 | 4885 c00f | 8425 0000 | 00a8 030f | 8508 0000 
  0x000001ba321947a8: 0048 8b00 | e915 0000 | 00a8 010f | 8509 0000 | 0048 8b40 | fee9 0400 | 0000 488b | 40ff 498b 
  0x000001ba321947c8: 8f28 0400 | 00c7 8100 | 0100 0000 | 0000 00c9 | 4983 7f08 | 000f 8501 | 0000 00c3 

  0x000001ba321947e4: ;   {runtime_call StubRoutines (initial stubs)}
  0x000001ba321947e4: e917 c79e | ffc5 f877 | 4889 45f8 | 4c8b e448 | 83ec 2048 

  0x000001ba321947f8: ;   {runtime_call}
  0x000001ba321947f8: 83e4 f048 | b830 7911 | 15fc 7f00 | 00ff d049 | 8be4 4d33 | e448 8b45 | f8e9 09ff | ffff f4f4 
[/MachCode]


Compiled method (c1) 2831797 18257       2       java.lang.ClassLoader::defineClass (43 bytes)
 total in heap  [0x000001ba2cf1c390,0x000001ba2cf1c9b0] = 1568
 relocation     [0x000001ba2cf1c4f0,0x000001ba2cf1c560] = 112
 main code      [0x000001ba2cf1c560,0x000001ba2cf1c768] = 520
 stub code      [0x000001ba2cf1c768,0x000001ba2cf1c7e0] = 120
 metadata       [0x000001ba2cf1c7e0,0x000001ba2cf1c810] = 48
 scopes data    [0x000001ba2cf1c810,0x000001ba2cf1c8e0] = 208
 scopes pcs     [0x000001ba2cf1c8e0,0x000001ba2cf1c980] = 160
 dependencies   [0x000001ba2cf1c980,0x000001ba2cf1c990] = 16
 nul chk table  [0x000001ba2cf1c990,0x000001ba2cf1c9b0] = 32

[Constant Pool (empty)]

[MachCode]
[Entry Point]
  # {method} {0x000001ba3b431020} 'defineClass' '(Ljava/lang/String;[BIILjava/security/ProtectionDomain;)Ljava/lang/Class;' in 'java/lang/ClassLoader'
  # this:     rdx:rdx   = 'java/lang/ClassLoader'
  # parm0:    r8:r8     = 'java/lang/String'
  # parm1:    r9:r9     = '[B'
  # parm2:    rdi       = int
  # parm3:    rsi       = int
  # parm4:    rcx:rcx   = 'java/security/ProtectionDomain'
  #           [sp+0xc0]  (sp of caller)
  0x000001ba2cf1c560: 448b 5208 | 49bb 0000 | 003b ba01 | 0000 4d03 | d34c 3bd0 

  0x000001ba2cf1c574: ;   {runtime_call ic_miss_stub}
  0x000001ba2cf1c574: 0f85 061f | cb04 660f | 1f44 0000 
[Verified Entry Point]
  0x000001ba2cf1c580: 8984 2400 | 80ff ff55 | 4881 ecb0 | 0000 0090 | 4181 7f20 | 0500 0000 

  0x000001ba2cf1c598: ;   {runtime_call StubRoutines (final stubs)}
  0x000001ba2cf1c598: 7405 e841 | c4c9 0448 | 8954 2478 | 48bb 283b | 0500 ba01 | 0000 8b43 | 0883 c002 | 8943 0825 
  0x000001ba2cf1c5b8: fe0f 0000 | 85c0 0f84 | 2e01 0000 | 89b4 2494 | 0000 0089 | bc24 9000 | 0000 4c89 | 8c24 8800 
  0x000001ba2cf1c5d8: 0000 498b | d84c 8bc3 | 4c8b c948 | 8bca 488b | d148 899c | 2480 0000 | 0066 0f1f 

  0x000001ba2cf1c5f4: ;   {optimized virtual_call}
  0x000001ba2cf1c5f4: 4400 00e8 

  0x000001ba2cf1c5f8: ; ImmutableOopMap {[120]=Oop [128]=Oop [136]=Oop }
                      ;*invokevirtual preDefineClass {reexecute=0 rethrow=0 return_oop=0}
                      ; - java.lang.ClassLoader::defineClass@4 (line 1025)
  0x000001ba2cf1c5f8: 24f2 96fd 

  0x000001ba2cf1c5fc: ;   {other}
  0x000001ba2cf1c5fc: 0f1f 8400 | 6c02 0000 | 4889 8424 | 9800 0000 

  0x000001ba2cf1c60c: ; implicit exception: dispatches to 0x000001ba2cf1c713
  0x000001ba2cf1c60c: 448b 4010 | 4d85 c00f | 850f 0000 

  0x000001ba2cf1c618: ;   {oop(nullptr)}
  0x000001ba2cf1c618: 0048 bb00 | 0000 0000 | 0000 00e9 | 4700 0000 

  0x000001ba2cf1c628: ; implicit exception: dispatches to 0x000001ba2cf1c718
  0x000001ba2cf1c628: 458b 400c | 4d85 c00f | 850f 0000 

  0x000001ba2cf1c634: ;   {oop(nullptr)}
  0x000001ba2cf1c634: 0048 bb00 | 0000 0000 | 0000 00e9 | 2b00 0000 

  0x000001ba2cf1c644: ; implicit exception: dispatches to 0x000001ba2cf1c71d
  0x000001ba2cf1c644: 418b 5038 | 0f1f 4400 | 0048 b880 | 3321 3bba 

  0x000001ba2cf1c654: ;   {virtual_call}
  0x000001ba2cf1c654: 0100 00e8 

  0x000001ba2cf1c658: ; ImmutableOopMap {[120]=Oop [128]=Oop [136]=Oop [152]=Oop }
                      ;*invokevirtual toExternalForm {reexecute=0 rethrow=0 return_oop=0}
                      ; - java.net.URL::toExternalForm@5 (line 1203)
                      ; - java.net.URL::toString@1 (line 1189)
                      ; - java.lang.ClassLoader::defineClassSourceLocation@22 (line 927)
                      ; - java.lang.ClassLoader::defineClass@12 (line 1026)
  0x000001ba2cf1c658: a402 a1fd 

  0x000001ba2cf1c65c: ;   {other}
  0x000001ba2cf1c65c: 0f1f 8400 | cc02 0001 | 488b d848 | 8b84 2498 | 0000 008b | b424 9400 | 0000 8bbc | 2490 0000 
  0x000001ba2cf1c67c: 004c 8b8c | 2488 0000 | 004c 8b84 | 2480 0000 | 0048 8b54 | 2478 4c8b | da49 8bd3 | 488b c848 
  0x000001ba2cf1c69c: ;   {static_call}
  0x000001ba2cf1c69c: 891c 24e8 

  0x000001ba2cf1c6a0: ; ImmutableOopMap {[120]=Oop [152]=Oop }
                      ;*invokestatic defineClass1 {reexecute=0 rethrow=0 return_oop=0}
                      ; - java.lang.ClassLoader::defineClass@27 (line 1027)
  0x000001ba2cf1c6a0: bc7e 2705 

  0x000001ba2cf1c6a4: ;   {other}
  0x000001ba2cf1c6a4: 0f1f 8400 | 1403 0002 | 4c8b c04c | 8b8c 2498 | 0000 0048 | 8b54 2478 | 4889 8424 | a000 0000 
  0x000001ba2cf1c6c4: ;   {optimized virtual_call}
  0x000001ba2cf1c6c4: 6666 90e8 

  0x000001ba2cf1c6c8: ; ImmutableOopMap {[160]=Oop }
                      ;*invokevirtual postDefineClass {reexecute=0 rethrow=0 return_oop=0}
                      ; - java.lang.ClassLoader::defineClass@37 (line 1028)
  0x000001ba2cf1c6c8: d421 a1fd 

  0x000001ba2cf1c6cc: ;   {other}
  0x000001ba2cf1c6cc: 0f1f 8400 | 3c03 0003 | 488b 8424 | a000 0000 | 4881 c4b0 | 0000 005d 

  0x000001ba2cf1c6e4: ;   {poll_return}
  0x000001ba2cf1c6e4: 493b a748 | 0400 000f | 8731 0000 

  0x000001ba2cf1c6f0: ;   {metadata({method} {0x000001ba3b431020} 'defineClass' '(Ljava/lang/String;[BIILjava/security/ProtectionDomain;)Ljava/lang/Class;' in 'java/lang/ClassLoader')}
  0x000001ba2cf1c6f0: 00c3 49ba | 1810 433b | ba01 0000 | 4c89 5424 | 0848 c704 | 24ff ffff 

  0x000001ba2cf1c708: ;   {runtime_call counter_overflow Runtime1 stub}
  0x000001ba2cf1c708: ffe8 725f 

  0x000001ba2cf1c70c: ; ImmutableOopMap {rdx=Oop r8=Oop r9=Oop rcx=Oop [120]=Oop }
                      ;*synchronization entry
                      ; - java.lang.ClassLoader::defineClass@-1 (line 1025)
  0x000001ba2cf1c70c: d604 e9b1 

  0x000001ba2cf1c710: ;   {runtime_call throw_null_pointer_exception Runtime1 stub}
  0x000001ba2cf1c710: feff ffe8 

  0x000001ba2cf1c714: ; ImmutableOopMap {rax=Oop [120]=Oop [128]=Oop [136]=Oop [152]=Oop }
                      ;*invokevirtual getCodeSource {reexecute=0 rethrow=0 return_oop=0}
                      ; - java.lang.ClassLoader::defineClassSourceLocation@1 (line 924)
                      ; - java.lang.ClassLoader::defineClass@12 (line 1026)
  0x000001ba2cf1c714: 680e d604 

  0x000001ba2cf1c718: ;   {runtime_call throw_null_pointer_exception Runtime1 stub}
  0x000001ba2cf1c718: e863 0ed6 

  0x000001ba2cf1c71c: ; ImmutableOopMap {rax=Oop [120]=Oop [128]=Oop [136]=Oop [152]=Oop }
                      ;*invokevirtual getLocation {reexecute=0 rethrow=0 return_oop=0}
                      ; - java.lang.ClassLoader::defineClassSourceLocation@12 (line 926)
                      ; - java.lang.ClassLoader::defineClass@12 (line 1026)
                      ;   {runtime_call throw_null_pointer_exception Runtime1 stub}
  0x000001ba2cf1c71c: 04e8 5e0e 

  0x000001ba2cf1c720: ; ImmutableOopMap {r8=Oop [120]=Oop [128]=Oop [136]=Oop [152]=Oop }
                      ;*invokevirtual toString {reexecute=0 rethrow=0 return_oop=0}
                      ; - java.lang.ClassLoader::defineClassSourceLocation@22 (line 927)
                      ; - java.lang.ClassLoader::defineClass@12 (line 1026)
                      ;   {internal_word}
  0x000001ba2cf1c720: d604 49ba | e4c6 f12c | ba01 0000 | 4d89 9760 

  0x000001ba2cf1c730: ;   {runtime_call SafepointBlob}
  0x000001ba2cf1c730: 0400 00e9 | c883 cb04 | 498b 87f8 | 0400 0049 | c787 f804 | 0000 0000 | 0000 49c7 | 8700 0500 
  0x000001ba2cf1c750: 0000 0000 | 0048 81c4 | b000 0000 

  0x000001ba2cf1c75c: ;   {runtime_call unwind_exception Runtime1 stub}
  0x000001ba2cf1c75c: 5de9 1e05 | d604 f4f4 | f4f4 f4f4 
[Stub Code]
  0x000001ba2cf1c768: ;   {no_reloc}
  0x000001ba2cf1c768: 0f1f 4400 

  0x000001ba2cf1c76c: ;   {static_stub}
  0x000001ba2cf1c76c: 0048 bb00 | 0000 0000 

  0x000001ba2cf1c774: ;   {runtime_call nmethod}
  0x000001ba2cf1c774: 0000 00e9 | fbff ffff 

  0x000001ba2cf1c77c: ;   {static_stub}
  0x000001ba2cf1c77c: 48bb 0000 | 0000 0000 

  0x000001ba2cf1c784: ;   {runtime_call nmethod}
  0x000001ba2cf1c784: 0000 e9fb 

  0x000001ba2cf1c788: ;   {static_stub}
  0x000001ba2cf1c788: ffff ff48 | bb00 0000 | 0000 0000 

  0x000001ba2cf1c794: ;   {runtime_call nmethod}
  0x000001ba2cf1c794: 00e9 fbff 

  0x000001ba2cf1c798: ;   {static_stub}
  0x000001ba2cf1c798: ffff 48bb | 0000 0000 | 0000 0000 

  0x000001ba2cf1c7a4: ;   {runtime_call nmethod}
  0x000001ba2cf1c7a4: e9fb ffff 

  0x000001ba2cf1c7a8: ;   {runtime_call handle_exception_from_callee Runtime1 stub}
  0x000001ba2cf1c7a8: ffe8 d22b 

  0x000001ba2cf1c7ac: ;   {external_word}
  0x000001ba2cf1c7ac: d604 48b9 | 506f 3d15 | fc7f 0000 | 4883 e4f0 

  0x000001ba2cf1c7bc: ;   {runtime_call}
  0x000001ba2cf1c7bc: 48b8 d040 | 0015 fc7f | 0000 ffd0 

  0x000001ba2cf1c7c8: ;   {section_word}
  0x000001ba2cf1c7c8: f449 bac9 | c7f1 2cba | 0100 0041 

  0x000001ba2cf1c7d4: ;   {runtime_call DeoptimizationBlob}
  0x000001ba2cf1c7d4: 52e9 c675 | cb04 f4f4 | f4f4 f4f4 
[/MachCode]


Compiled method (c2) 2831806 13692   !   4       org.eclipse.osgi.internal.loader.classpath.ClasspathManager::defineClass (636 bytes)
 total in heap  [0x000001ba32a74290,0x000001ba32a7c470] = 33248
 relocation     [0x000001ba32a743f0,0x000001ba32a74830] = 1088
 main code      [0x000001ba32a74840,0x000001ba32a78b50] = 17168
 stub code      [0x000001ba32a78b50,0x000001ba32a78cb0] = 352
 oops           [0x000001ba32a78cb0,0x000001ba32a78cd8] = 40
 metadata       [0x000001ba32a78cd8,0x000001ba32a790b8] = 992
 scopes data    [0x000001ba32a790b8,0x000001ba32a7b380] = 8904
 scopes pcs     [0x000001ba32a7b380,0x000001ba32a7bd60] = 2528
 dependencies   [0x000001ba32a7bd60,0x000001ba32a7be98] = 312
 handler table  [0x000001ba32a7be98,0x000001ba32a7c348] = 1200
 nul chk table  [0x000001ba32a7c348,0x000001ba32a7c470] = 296

[Constant Pool (empty)]

[MachCode]
[Entry Point]
  # {method} {0x000001ba0068d360} 'defineClass' '(Ljava/lang/String;[BLorg/eclipse/osgi/internal/loader/classpath/ClasspathEntry;Lorg/eclipse/osgi/storage/bundlefile/BundleEntry;Ljava/util/List;)Ljava/lang/Class;' in 'org/eclipse/osgi/internal/loader/classpath/ClasspathManager'
  # this:     rdx:rdx   = 'org/eclipse/osgi/internal/loader/classpath/ClasspathManager'
  # parm0:    r8:r8     = 'java/lang/String'
  # parm1:    r9:r9     = '[B'
  # parm2:    rdi:rdi   = 'org/eclipse/osgi/internal/loader/classpath/ClasspathEntry'
  # parm3:    rsi:rsi   = 'org/eclipse/osgi/storage/bundlefile/BundleEntry'
  # parm4:    rcx:rcx   = 'java/util/List'
  #           [sp+0xf0]  (sp of caller)
  0x000001ba32a74840: 448b 5208 | 49bb 0000 | 003b ba01 | 0000 4d03 | d349 3bc2 

  0x000001ba32a74854: ;   {runtime_call ic_miss_stub}
  0x000001ba32a74854: 0f85 269c | 15ff 6690 | 0f1f 4000 
[Verified Entry Point]
  0x000001ba32a74860: 8984 2400 | 80ff ff55 | 4881 ece0 | 0000 0090 | 4181 7f20 | 0500 0000 | 0f85 c542 | 0000 4889 
  0x000001ba32a74880: 4c24 7848 | 8974 2470 | 4889 7c24 | 684c 894c | 2460 4889 | 5424 504c | 8984 2480 | 0000 0041 
  0x000001ba32a748a0: 8b48 148b | 790c 450f | be50 10c4 | e22a f7df | 448d 43ff | 4585 d20f | 85bb 2900 | 0044 8d4f 
  0x000001ba32a748c0: ff45 3bc8 | 450f 4fc8 | 4585 c90f | 8cf9 1700 | 0085 ff0f | 86eb 2300 | 0044 3bcf | 0f83 e223 
  0x000001ba32a748e0: 0000 4585 | c90f 8eb9 | 2700 0045 | 8d41 ff41 | bbff ffff | ff44 895c | 2420 460f | be54 0910 
  0x000001ba32a74900: 4183 fa2e | 0f84 b817 | 0000 41ff | c945 3bc8 | 7fe8 4183 | f902 7e4d | 0f1f 8400 | 0000 0000 
  0x000001ba32a74920: 4d63 d946 | 0fbe 5419 | 1041 83fa | 2e74 7046 | 0fbe 5c19 | 0f41 83fb | 2e74 6941 | 8d51 fe44 
  0x000001ba32a74940: 0fbe 5c11 | 1041 83fb | 2e74 5d41 | 8d51 fd44 

  0x000001ba32a74950: ;   {no_reloc}
  0x000001ba32a74950: 0fbe 5411 | 1041 83fa | 2e74 4d41 | 83c1 fc41 | 83f9 027f | bb41 83f9 | ff7e 1690 | 460f be54 
  0x000001ba32a74970: 0910 4183 | fa2e 7433 | 41ff c941 | 83f9 ff7f | eb41 b9ff | ffff ffeb | 220f 1f80 | 0000 0000 
  0x000001ba32a74990: 488b 4424 | 6048 8944 | 2460 e91d | 0900 0041 | 8bd1 eb04 | 418d 51ff | 448b ca45 | 85c9 0f8c 
  0x000001ba32a749b0: e029 0000 | 443b cb0f | 8ff7 2900 | 004d 8b97 | 8003 0000 | 4d8b 2a44 | 3bcb 0f84 | 3116 0000 
  0x000001ba32a749d0: 4585 c90f | 8438 1b00 | 0049 8b9f | b801 0000 | 4c8b d349 | 83c2 184d | 3b97 c801 | 0000 0f83 
  0x000001ba32a749f0: 971c 0000 | 4d89 97b8 | 0100 0041 | 0f18 8200 | 0100 0048 | c703 0100 

  0x000001ba32a74a08: ;   {metadata('java/lang/String')}
  0x000001ba32a74a08: 0000 c743 | 0840 e700 | 0044 8963 | 0c4c 8963 | 104c 8bd1 | 4c89 9424 | a000 0000 | 4c8d 5110 
  0x000001ba32a74a28: 443b cf0f | 8590 0000 | 004c 63c7 | 81ff 0000 | 1000 0f87 | 831e 0000 | 498b b7b8 | 0100 004d 
  0x000001ba32a74a48: 8d58 1749 | 83e3 f84c | 8bce 4d03 | cb4d 3b8f | c801 0000 | 0f83 611e | 0000 4d89 | 8fb8 0100 
  0x000001ba32a74a68: 0041 0f18 | 8100 0100 | 0048 c706 | 0100 0000 | 410f 1881 | 4001 0000 

  0x000001ba32a74a80: ;   {metadata({type array byte})}
  0x000001ba32a74a80: c746 0868 | 2200 0089 | 7e0c 410f | 1881 8001 | 0000 488b | d648 83c2 | 1049 83c0 | 0749 c1e8 
  0x000001ba32a74aa0: 0349 8bca | c5f8 7749 | ba60 74bb | 31ba 0100 | 0041 ffd2 

  0x000001ba32a74ab4: ;   {other}
  0x000001ba32a74ab4: 0f1f 8400 | 0000 0000 | e9c9 0000 | 0041 81f9 | 0000 1000 | 0f87 4a26 | 0000 4d63 | d941 3bf9 
  0x000001ba32a74ad4: 8bef 410f | 4fe9 3bfd | 0f82 aa26 | 0000 443b | cd0f 82a1 | 2600 0049 | 83c3 174d | 8bc3 4983 
  0x000001ba32a74af4: e0f8 4181 | f900 0010 | 000f 8707 | 1d00 0049 | 8bb7 b801 | 0000 488b | ce49 03c8 | 493b 8fc8 
  0x000001ba32a74b14: 0100 000f | 83ed 1c00 | 0049 898f | b801 0000 | 0f18 8100 | 0100 0048 | c706 0100 | 0000 0f18 
  0x000001ba32a74b34: 8140 0100 

  0x000001ba32a74b38: ;   {metadata({type array byte})}
  0x000001ba32a74b38: 00c7 4608 | 6822 0000 | 4489 4e0c | 0f18 8180 | 0100 0048 | 8bd6 4883 | c210 49c1 | eb03 85ed 
  0x000001ba32a74b58: 0f84 c225 | 0000 413b | e90f 8c0f | 1900 0049 | 83c0 f049 | c1e8 0349 | 8bca c5f8 | 7749 ba60 
  0x000001ba32a74b78: 74bb 31ba | 0100 0041 

  0x000001ba32a74b80: ;   {other}
  0x000001ba32a74b80: ffd2 0f1f | 8400 0000 | 0000 4488 | 6310 4c8b | de44 895b | 144c 8bd3 | 49c1 ea09 | 49bb 0000 
  0x000001ba32a74ba0: 1339 ba01 | 0000 4788 | 2413 4889 | 9c24 8800 | 0000 4c8b | 5424 5045 | 8b42 1045 | 8b58 5445 
  0x000001ba32a74bc0: 85db 0f84 | 541f 0000 | 498b f049 | 8bcb 488d | 9c24 d000 | 0000 488b | 01a8 020f | 8523 0000 
  0x000001ba32a74be0: 0048 83c8 | 0148 8903 | f048 0fb1 | 190f 8437 | 0000 0048 | 2bc4 4825 | 07f0 ffff | 4889 03e9 
  0x000001ba32a74c00: 2400 0000 | 4c8b d048 | 33c0 f04d | 0fb1 7a3e | 48c7 0303 | 0000 0074 | 114c 3bf8 | 7515 49ff 
  0x000001ba32a74c20: 8286 0000 | 0048 33c0 | 7509 49ff | 8748 0500 | 0033 c00f | 85cf 2000 | 0045 8b50 | 3845 85d2 
  0x000001ba32a74c40: 0f84 0a1f | 0000 488b | 9c24 8800 | 0000 8b43 | 0c85 c00f | 84aa 1000 | 0041 8b52 | 2885 d274 
  0x000001ba32a74c60: 4e8b 6a0c | 85ed 0f86 | bc26 0000 | 448b d041 | c1ea 1044 | 33d0 ffcd | 4181 e2ff | ffff 7f41 
  0x000001ba32a74c80: ;   {no_reloc}
  0x000001ba32a74c80: 23ea 4c63 | cd42 8b44 | 8a10 85c0 | 7421 8b68 | 0c41 3bea | 0f84 7501 | 0000 85ed | 0f8c 6628 
  0x000001ba32a74ca0: 0000 448b | 4818 4585 | c90f 858d | 0000 0045 | 8b58 1845 | 85db 7540 | 4889 4c24 | 4848 895c 
  0x000001ba32a74cc0: 2430 4c89 | 6c24 2848 | 8bd3 4c8b | 5424 684c | 8954 2440 | 488b e990 

  0x000001ba32a74cd8: ;   {static_call}
  0x000001ba32a74cd8: c5f8 77e8 

  0x000001ba32a74cdc: ; ImmutableOopMap {rbp=Oop [40]=Oop [48]=Oop [64]=Oop [72]=Oop [80]=Oop [96]=Oop [104]=Oop [112]=Oop [120]=Oop [128]=Oop }
                      ;*invokestatic getDefinedPackage {reexecute=0 rethrow=0 return_oop=1}
                      ; - java.lang.ClassLoader::getPackage@30 (line 2338)
                      ; - org.eclipse.osgi.internal.loader.ModuleClassLoader::publicGetPackage@9 (line 330)
                      ; - org.eclipse.osgi.internal.loader.classpath.ClasspathManager::definePackage@26 (line 825)
                      ; - org.eclipse.osgi.internal.loader.classpath.ClasspathManager::defineClass@9 (line 733)
  0x000001ba32a74cdc: a0a0 15ff 

  0x000001ba32a74ce0: ;   {other}
  0x000001ba32a74ce0: 0f1f 8400 | 500a 0000 | 488b 5c24 | 3048 8bcd | 488b f8e9 | 0004 0000 | 4889 4c24 | 4848 895c 
  0x000001ba32a74d00: 2430 4c89 | 6c24 2849 | 8bd3 4c8b | c34c 8b54 | 2468 4c89 | 5424 4048 | 8be9 6690 

  0x000001ba32a74d1c: ;   {optimized virtual_call}
  0x000001ba32a74d1c: c5f8 77e8 

  0x000001ba32a74d20: ; ImmutableOopMap {rbp=Oop [40]=Oop [48]=Oop [64]=Oop [72]=Oop [80]=Oop [96]=Oop [104]=Oop [112]=Oop [120]=Oop [128]=Oop }
                      ;*invokevirtual getPackage {reexecute=0 rethrow=0 return_oop=1}
                      ; - java.lang.ClassLoader::getPackage@22 (line 2336)
                      ; - org.eclipse.osgi.internal.loader.ModuleClassLoader::publicGetPackage@9 (line 330)
                      ; - org.eclipse.osgi.internal.loader.classpath.ClasspathManager::definePackage@26 (line 825)
                      ; - org.eclipse.osgi.internal.loader.classpath.ClasspathManager::defineClass@9 (line 733)
  0x000001ba32a74d20: 5cb7 90ff 

  0x000001ba32a74d24: ;   {other}
  0x000001ba32a74d24: 0f1f 8400 | 940a 0001 | 488b 5c24 | 3048 8bcd | 488b f8e9 | bc03 0000 | 498b f944 | 8b4f 0c49 
  0x000001ba32a74d44: 8b87 5004 

  0x000001ba32a74d48: ; ImmutableOopMap {r11=NarrowOop r8=NarrowOop rcx=Oop rbx=Oop rdi=Oop rsi=Oop r13=Oop [80]=Oop [96]=Oop [104]=Oop [112]=Oop [120]=Oop [128]=Oop }
                      ;*if_icmpne {reexecute=1 rethrow=0 return_oop=0}
                      ; - (reexecute) java.util.concurrent.ConcurrentHashMap::get@127 (line 946)
                      ; - java.lang.ClassLoader::getDefinedPackage@13 (line 2263)
                      ; - java.lang.ClassLoader::getPackage@2 (line 2333)
                      ; - org.eclipse.osgi.internal.loader.ModuleClassLoader::publicGetPackage@9 (line 330)
                      ; - org.eclipse.osgi.internal.loader.classpath.ClasspathManager::definePackage@26 (line 825)
                      ; - org.eclipse.osgi.internal.loader.classpath.ClasspathManager::defineClass@9 (line 733)
                      ;   {poll}
  0x000001ba32a74d48: 0000 8500 | 453b ca74 | 1244 8b4f | 1845 85c9 | 0f84 51ff | ffff 498b | f9eb dc8b | 6f10 4c8b 
  0x000001ba32a74d68: cd4c 3bcb | 0f84 8600 | 0000 85ed | 0f84 2e2e | 0000 4889 | bc24 9800 | 0000 4489 | 9424 9000 
  0x000001ba32a74d88: 0000 4889 | 4c24 4848 | 8974 2430 | 4489 9c24 | 8c00 0000 | 4489 8424 | 8800 0000 | 4889 5c24 
  0x000001ba32a74da8: 584c 896c | 2428 4c8b | c548 8bd3 

  0x000001ba32a74db4: ;   {optimized virtual_call}
  0x000001ba32a74db4: c5f8 77e8 

  0x000001ba32a74db8: ; ImmutableOopMap {[40]=Oop [48]=Oop [72]=Oop [80]=Oop [88]=Oop [96]=Oop [104]=Oop [112]=Oop [120]=Oop [128]=Oop [136]=NarrowOop [140]=NarrowOop [152]=Oop }
                      ;*invokevirtual equals {reexecute=0 rethrow=0 return_oop=0}
                      ; - java.util.concurrent.ConcurrentHashMap::get@149 (line 947)
                      ; - java.lang.ClassLoader::getDefinedPackage@13 (line 2263)
                      ; - java.lang.ClassLoader::getPackage@2 (line 2333)
                      ; - org.eclipse.osgi.internal.loader.ModuleClassLoader::publicGetPackage@9 (line 330)
                      ; - org.eclipse.osgi.internal.loader.classpath.ClasspathManager::definePackage@26 (line 825)
                      ; - org.eclipse.osgi.internal.loader.classpath.ClasspathManager::defineClass@9 (line 733)
  0x000001ba32a74db8: 8491 6bff 

  0x000001ba32a74dbc: ;   {other}
  0x000001ba32a74dbc: 0f1f 8400 | 2c0b 0003 | 85c0 0f84 | 582e 0000 | 488b 5c24 | 5844 8b84 | 2488 0000 | 0044 8b9c 
  0x000001ba32a74ddc: 248c 0000 | 0048 8b74 | 2430 488b | 4c24 4848 | 8bbc 2498 | 0000 004c | 8b6c 2428 | 8b6f 1485 
  0x000001ba32a74dfc: ed0f 84ac | feff ff0f | b653 118b | 430c e991 | 0000 008b | 6810 4c8b | cd4c 3bcb | 7474 85ed 
  0x000001ba32a74e1c: 0f84 562a | 0000 4489 | 5424 3c48 | 894c 2448 | 4889 7424 | 4044 895c | 2438 4489 | 4424 2448 
  0x000001ba32a74e3c: 895c 2430 | 4c89 6c24 | 284c 8bc5 | 488b e889 | 4424 5848 | 8bd3 6690 

  0x000001ba32a74e54: ;   {optimized virtual_call}
  0x000001ba32a74e54: c5f8 77e8 

  0x000001ba32a74e58: ; ImmutableOopMap {rbp=Oop [36]=NarrowOop [40]=Oop [48]=Oop [56]=NarrowOop [64]=Oop [72]=Oop [80]=Oop [88]=NarrowOop [96]=Oop [104]=Oop [112]=Oop [120]=Oop [128]=Oop }
                      ;*invokevirtual equals {reexecute=0 rethrow=0 return_oop=0}
                      ; - java.util.concurrent.ConcurrentHashMap::get@73 (line 940)
                      ; - java.lang.ClassLoader::getDefinedPackage@13 (line 2263)
                      ; - java.lang.ClassLoader::getPackage@2 (line 2333)
                      ; - org.eclipse.osgi.internal.loader.ModuleClassLoader::publicGetPackage@9 (line 330)
                      ; - org.eclipse.osgi.internal.loader.classpath.ClasspathManager::definePackage@26 (line 825)
                      ; - org.eclipse.osgi.internal.loader.classpath.ClasspathManager::defineClass@9 (line 733)
  0x000001ba32a74e58: e490 6bff 

  0x000001ba32a74e5c: ;   {other}
  0x000001ba32a74e5c: 0f1f 8400 | cc0b 0004 | 85c0 0f84 | d116 0000 | 488b 5c24 | 3044 8b44 | 2424 448b | 5c24 3848 
  0x000001ba32a74e7c: 8b74 2440 | 488b 4c24 | 488b 4424 | 584c 8b6c | 2428 8b68 | 1485 ed0f | 8416 feff | ff8b 430c 
  0x000001ba32a74e9c: 0fb6 5311 | 448b 5508 

  0x000001ba32a74ea4: ;   {metadata('java/lang/Package')}
  0x000001ba32a74ea4: 4181 fac8 | b901 000f | 856f 3000 | 004c 896c | 2428 8b7b | 1444 8b4f | 0c4c 8bd5 | 458b 5210 
  0x000001ba32a74ec4: 4585 c90f | 863f 2300 | 0045 8b48 | 3845 85c9 | 0f84 fa22 | 0000 85c0 | 0f84 d60f | 0000 418b 
  0x000001ba32a74ee4: 6928 448b | 4d0c 4585 | c90f 8699 | 2500 008b | f8c1 ef10 | 33f8 41ff | c981 e7ff | ffff 7f44 
  0x000001ba32a74f04: 23cf 4d63 | c942 8b44 | 8d10 8b68 | 0c3b ef0f | 8447 0100 | 0085 ed0f | 8c4a 2800 | 008b 5018 
  0x000001ba32a74f24: 85d2 0f84 | c900 0000 | 488b c244 | 8b48 0c49 | 8baf 5004 

  0x000001ba32a74f38: ; ImmutableOopMap {r10=NarrowOop r11=NarrowOop r8=NarrowOop rcx=Oop rbx=Oop rsi=Oop rax=Oop [40]=Oop [80]=Oop [96]=Oop [104]=Oop [112]=Oop [120]=Oop [128]=Oop }
                      ;*if_icmpne {reexecute=1 rethrow=0 return_oop=0}
                      ; - (reexecute) java.util.concurrent.ConcurrentHashMap::get@127 (line 946)
                      ; - java.lang.ClassLoader::definePackage@47 (line 2125)
                      ; - java.lang.ClassLoader::getDefinedPackage@32 (line 2267)
                      ; - java.lang.ClassLoader::getPackage@2 (line 2333)
                      ; - org.eclipse.osgi.internal.loader.ModuleClassLoader::publicGetPackage@9 (line 330)
                      ; - org.eclipse.osgi.internal.loader.classpath.ClasspathManager::definePackage@26 (line 825)
                      ; - org.eclipse.osgi.internal.loader.classpath.ClasspathManager::defineClass@9 (line 733)
                      ;   {poll}
  0x000001ba32a74f38: 0000 8545 | 0044 3bcf | 7410 8b50 | 1885 d20f | 84a8 0000 | 0048 8bc2 | ebdd 8b68 | 104c 8bcd 
  0x000001ba32a74f58: 4c3b cb0f | 8489 0000 | 0085 ed0f | 841f 2b00 | 0048 8984 | 2498 0000 | 0089 bc24 | 9400 0000 
  0x000001ba32a74f78: 4489 9424 | 9000 0000 | 4889 4c24 | 4844 899c | 248c 0000 | 0044 8984 | 2488 0000 | 0048 895c 
  0x000001ba32a74f98: 2458 4c8b | c548 8bd3 | 4889 b424 | b800 0000 

  0x000001ba32a74fa8: ;   {optimized virtual_call}
  0x000001ba32a74fa8: c5f8 77e8 

  0x000001ba32a74fac: ; ImmutableOopMap {[40]=Oop [72]=Oop [80]=Oop [88]=Oop [96]=Oop [104]=Oop [112]=Oop [120]=Oop [128]=Oop [136]=NarrowOop [140]=NarrowOop [144]=NarrowOop [152]=Oop [184]=Oop }
                      ;*invokevirtual equals {reexecute=0 rethrow=0 return_oop=0}
                      ; - java.util.concurrent.ConcurrentHashMap::get@149 (line 947)
                      ; - java.lang.ClassLoader::definePackage@47 (line 2125)
                      ; - java.lang.ClassLoader::getDefinedPackage@32 (line 2267)
                      ; - java.lang.ClassLoader::getPackage@2 (line 2333)
                      ; - org.eclipse.osgi.internal.loader.ModuleClassLoader::publicGetPackage@9 (line 330)
                      ; - org.eclipse.osgi.internal.loader.classpath.ClasspathManager::definePackage@26 (line 825)
                      ; - org.eclipse.osgi.internal.loader.classpath.ClasspathManager::defineClass@9 (line 733)
  0x000001ba32a74fac: 908f 6bff 

  0x000001ba32a74fb0: ;   {other}
  0x000001ba32a74fb0: 0f1f 8400 | 200d 0006 | 85c0 0f84 | 4c2b 0000 | 488b 5c24 | 5844 8b84 | 2488 0000 | 0044 8b9c 
  0x000001ba32a74fd0: 248c 0000 | 0048 8b4c | 2448 448b | 9424 9000 | 0000 488b | 8424 9800 | 0000 8b68 | 1485 ed0f 
  0x000001ba32a74ff0: 85ef 0000 | 00ba f4ff | ffff 488b | 6c24 504c | 8b8c 2480 | 0000 004c | 894c 2420 | 4c8b 4c24 
  0x000001ba32a75010: 604c 894c | 2428 4c8b | 4c24 684c | 894c 2430 | 4c8b 4c24 | 704c 894c | 2438 4c8b | 4c24 784c 
  0x000001ba32a75030: 894c 2450 | 4489 5c24 | 6448 895c | 2470 4489 | 4424 6c48 | 895c 2478 | 4489 9424 | 8000 0000 
  0x000001ba32a75050: ;   {runtime_call UncommonTrapBlob}
  0x000001ba32a75050: c5f8 77e8 

  0x000001ba32a75054: ; ImmutableOopMap {rbp=Oop [32]=Oop [40]=Oop [48]=Oop [56]=Oop [80]=Oop [100]=NarrowOop [108]=NarrowOop [112]=Oop [120]=Oop [128]=NarrowOop }
                      ;*checkcast {reexecute=0 rethrow=0 return_oop=0}
                      ; - java.lang.ClassLoader::definePackage@50 (line 2125)
                      ; - java.lang.ClassLoader::getDefinedPackage@32 (line 2267)
                      ; - java.lang.ClassLoader::getPackage@2 (line 2333)
                      ; - org.eclipse.osgi.internal.loader.ModuleClassLoader::publicGetPackage@9 (line 330)
                      ; - org.eclipse.osgi.internal.loader.classpath.ClasspathManager::definePackage@26 (line 825)
                      ; - org.eclipse.osgi.internal.loader.classpath.ClasspathManager::defineClass@9 (line 733)
  0x000001ba32a75054: a8e9 15ff 

  0x000001ba32a75058: ;   {other}
  0x000001ba32a75058: 0f1f 8400 | c80d 0007 | 8b68 104c | 8bcd 4c3b | cb74 6e85 | ed0f 84e9 | 2800 0089 | 7c24 5844 
  0x000001ba32a75078: 8954 243c | 4889 4c24 | 4848 8974 | 2440 4489 | 5c24 3844 | 8944 2424 | 4889 5c24 | 304c 8bc5 
  0x000001ba32a75098: 488b e889 | 4424 5c48 | 8bd3 6690 

  0x000001ba32a750a4: ;   {optimized virtual_call}
  0x000001ba32a750a4: c5f8 77e8 

  0x000001ba32a750a8: ; ImmutableOopMap {rbp=Oop [36]=NarrowOop [40]=Oop [48]=Oop [56]=NarrowOop [60]=NarrowOop [64]=Oop [72]=Oop [80]=Oop [92]=NarrowOop [96]=Oop [104]=Oop [112]=Oop [120]=Oop [128]=Oop }
                      ;*invokevirtual equals {reexecute=0 rethrow=0 return_oop=0}
                      ; - java.util.concurrent.ConcurrentHashMap::get@73 (line 940)
                      ; - java.lang.ClassLoader::definePackage@47 (line 2125)
                      ; - java.lang.ClassLoader::getDefinedPackage@32 (line 2267)
                      ; - java.lang.ClassLoader::getPackage@2 (line 2333)
                      ; - org.eclipse.osgi.internal.loader.ModuleClassLoader::publicGetPackage@9 (line 330)
                      ; - org.eclipse.osgi.internal.loader.classpath.ClasspathManager::definePackage@26 (line 825)
                      ; - org.eclipse.osgi.internal.loader.classpath.ClasspathManager::defineClass@9 (line 733)
  0x000001ba32a750a8: 948e 6bff 

  0x000001ba32a750ac: ;   {other}
  0x000001ba32a750ac: 0f1f 8400 | 1c0e 0008 | 85c0 0f84 | 1515 0000 | 488b 5c24 | 3044 8b44 | 2424 448b | 5c24 3848 
  0x000001ba32a750cc: 8b4c 2448 | 448b 5424 | 3c8b 4424 | 5c8b 6814 | 85ed 0f84 | 11ff ffff | 448b 4d08 

  0x000001ba32a750e8: ;   {metadata('java/lang/Package')}
  0x000001ba32a750e8: 4181 f9c8 | b901 000f | 856f 2f00 | 0048 8bfd | 488d 8424 | d000 0000 | 4883 3800 | 0f84 7900 
  0x000001ba32a75108: 0000 4c8b | 1141 f6c2 | 020f 8462 | 0000 0049 | 83ba 8600 | 0000 0074 | 0949 ff8a | 8600 0000 
  0x000001ba32a75128: eb4b 498b | 8296 0000 | 0049 0b82 | 8e00 0000 | 750a 49c7 | 423e 0000 | 0000 eb3d | 4983 ba9e 
  0x000001ba32a75148: 0000 0000 | 7422 4833 | c049 c742 | 3e00 0000 | 00f0 8304 | 2400 4983 | ba9e 0000 | 0000 750d 
  0x000001ba32a75168: f04d 0fb1 | 7a3e 7505 | 83c8 01eb | 0ca8 00eb | 084c 8b10 | f04c 0fb1 | 1175 0a49 | ff8f 4805 
  0x000001ba32a75188: 0000 4533 | d20f 85ff | 1b00 0048 | 85ff 0f84 | ac0d 0000 | 4c8b 5424 | 5045 8b52 | 2845 8b42 
  0x000001ba32a751a8: ;   {metadata('java/lang/ThreadLocal')}
  0x000001ba32a751a8: 0841 81f8 | c816 1200 | 0f85 041c | 0000 4c8b | 4424 2841 | 8b48 4c49 | 8bda 85c9 | 0f84 5613 
  0x000001ba32a751c8: 0000 8b69 | 1444 8b4d | 0c45 8d51 | ff44 2353 | 0c45 85c9 | 0f86 561d | 0000 468b | 4c95 1045 
  0x000001ba32a751e8: 85c9 0f84 | 080f 0000 | 458b 590c | 498b f94c | 3bdb 7433 | 4889 5c24 | 2849 8be8 | 488b d14c 
  0x000001ba32a75208: 8bc3 458b | ca66 6690 

  0x000001ba32a75210: ;   {optimized virtual_call}
  0x000001ba32a75210: c5f8 77e8 

  0x000001ba32a75214: ; ImmutableOopMap {rbp=Oop [40]=Oop [80]=Oop [96]=Oop [104]=Oop [112]=Oop [120]=Oop [128]=Oop }
                      ;*invokevirtual getEntryAfterMiss {reexecute=0 rethrow=0 return_oop=1}
                      ; - java.lang.ThreadLocal$ThreadLocalMap::getEntry@38 (line 504)
                      ; - java.lang.ThreadLocal::get@12 (line 187)
                      ; - java.lang.ThreadLocal::get@4 (line 172)
                      ; - org.eclipse.osgi.internal.loader.classpath.ClasspathManager::defineClass@16 (line 734)
  0x000001ba32a75214: a8d8 3200 

  0x000001ba32a75218: ;   {other}
  0x000001ba32a75218: 0f1f 8400 | 880f 0009 | 4885 c00f | 84d6 0e00 | 0048 8bf8 | 4c8b c544 | 8b57 1c4d | 8bca 4d85 
  0x000001ba32a75238: c90f 8494 | 0f00 0045 

  0x000001ba32a75240: ;   {metadata('org/eclipse/osgi/internal/loader/classpath/ClasspathManager$DefineContext')}
  0x000001ba32a75240: 8b59 0841 | 81fb d82e | 1101 0f85 | f82d 0000 | 4c89 8c24 | 9000 0000 | 4c8b 5424 | 5045 8b5a 
  0x000001ba32a75260: 1445 8b53 | 1041 0fb6 | 6a0d 85ed | 0f84 9a21 | 0000 4c8b | 5c24 7845 

  0x000001ba32a75278: ;   {metadata('java/util/Collections$UnmodifiableRandomAccessList')}
  0x000001ba32a75278: 8b53 0841 | 81fa f8ab | 1c00 0f85 | 4c1b 0000 | 458b 530c | 4c89 9c24 | 9800 0000 | 498b d266 
  0x000001ba32a75298: 6690 c5f8 | 7748 b830 | a50b 3bba 

  0x000001ba32a752a4: ;   {virtual_call}
  0x000001ba32a752a4: 0100 00e8 

  0x000001ba32a752a8: ; ImmutableOopMap {[80]=Oop [96]=Oop [104]=Oop [112]=Oop [120]=Oop [128]=Oop [144]=Oop [152]=Oop }
                      ;*invokeinterface iterator {reexecute=0 rethrow=0 return_oop=1}
                      ; - java.util.Collections$UnmodifiableCollection$1::<init>@17 (line 1075)
                      ; - java.util.Collections$UnmodifiableCollection::iterator@5 (line 1074)
                      ; - org.eclipse.osgi.internal.loader.classpath.ClasspathManager::defineClass@258 (line 764)
  0x000001ba32a752a8: 743e 72ff 

  0x000001ba32a752ac: ;   {other}
  0x000001ba32a752ac: 0f1f 8400 | 1c10 000a | 4889 8424 | a000 0000 | 488b 9424 | a000 0000 | 6690 c5f8 | 7748 b8d0 
  0x000001ba32a752cc: 7218 3bba 

  0x000001ba32a752d0: ;   {virtual_call}
  0x000001ba32a752d0: 0100 00e8 

  0x000001ba32a752d4: ; ImmutableOopMap {[80]=Oop [96]=Oop [104]=Oop [112]=Oop [120]=Oop [128]=Oop [144]=Oop [152]=Oop [160]=Oop }
                      ;*invokeinterface hasNext {reexecute=0 rethrow=0 return_oop=0}
                      ; - java.util.Collections$UnmodifiableCollection$1::hasNext@4 (line 1077)
                      ; - org.eclipse.osgi.internal.loader.classpath.ClasspathManager::defineClass@305 (line 764)
  0x000001ba32a752d4: c8f1 6dff 

  0x000001ba32a752d8: ;   {other}
  0x000001ba32a752d8: 0f1f 8400 | 4810 000b | 85c0 0f85 | ff05 0000 | 4c8b 9424 | 9000 0000 | 418b 6a10 

  0x000001ba32a752f4: ; implicit exception: dispatches to 0x000001ba32a781d4
  0x000001ba32a752f4: 448b 5d08 

  0x000001ba32a752f8: ;   {metadata('java/util/ArrayList')}
  0x000001ba32a752f8: 4181 fb30 | a50b 000f | 85ef 1a00 | 004c 8bf5 | 458b 5610 | 458b 4e14 | 4585 d20f | 8e22 0c00 
  0x000001ba32a75318: 0045 8b41 | 0c45 85c0 | 0f86 c21d | 0000 4d63 | da4d 63c0 | 49ff cb4d | 3bd8 0f83 | b01d 0000 
  0x000001ba32a75338: 4c8b 9c24 | 8000 0000 | 418b 5314 | 450f be6b | 104c 8bc2 | 488d 6a10 | 4533 c00f | 1f80 0000 
  0x000001ba32a75358: 0000 660f | 1f44 0000 | 438b 5c81 | 1048 8bcb | 4c3b d90f | 8416 1600 | 0085 db0f | 84f8 0000 
  0x000001ba32a75378: 008b 7b08 

  0x000001ba32a7537c: ;   {metadata('java/lang/String')}
  0x000001ba32a7537c: 81ff 40e7 | 0000 0f85 | 042c 0000 | 488b fb0f | be5f 1044 | 3beb 0f85 | 1416 0000 | 8b4a 0c8b 
  0x000001ba32a7539c: 5f14 8b73 | 0c3b ce0f | 85c8 0000 | 0048 8bfb | 488d 7310 | 488b fd85 | c90f 849d | 0000 008b 
  0x000001ba32a753bc: c183 e01f | 83e1 e00f | 844b 0000 | 0048 8d3c | 0f48 8d34 | 0e48 f7d9 | c5fe 6f04 | 0fc5 fe6f 
  0x000001ba32a753dc: 0c0e c5fd | efc1 c4e2 | 7d17 c00f | 8572 0000 | 0048 83c1 | 2075 e185 | c00f 845d | 0000 00c5 
  0x000001ba32a753fc: fe6f 4407 | e0c5 fe6f | 4c06 e0c5 | fdef c1c4 | e27d 17c0 | 754d eb44 | 8bc8 83e1 | fc74 1948 
  0x000001ba32a7541c: 8d3c 0f48 | 8d34 0e48 | f7d9 8b1c | 0f3b 1c0e | 7531 4883 | c104 75f2 | a802 7412 | 0fb7 1f0f 
  0x000001ba32a7543c: b70e 3bd9 | 751d 488d | 7f02 488d | 7602 a801 | 740a 0fb6 | 1f0f b60e | 3bd9 7507 | b801 0000 
  0x000001ba32a7545c: 00eb 0233 | c0c5 fdef | c0c5 f5ef | c985 c00f | 8516 1500 | 0041 ffc0 | 453b c20f 

  0x000001ba32a75478: ;   {no_reloc}
  0x000001ba32a75478: 8ce3 feff | ff45 8b46 | 0c41 ffc0 | 4589 460c 

  0x000001ba32a75488: ; implicit exception: dispatches to 0x000001ba32a781f0
  0x000001ba32a75488: 458b 410c | 418d 5a01 | 453b d00f | 84fa 0800 | 0041 8b49 | 0c44 3bd1 | 0f83 de16 | 0000 418b 
  0x000001ba32a754a8: ;   {metadata('java/lang/Object'[])}
  0x000001ba32a754a8: 4908 81f9 | 4012 0000 | 0f85 5e19 | 0000 4189 | 5e10 4f8d | 5491 104d | 8bcb 4589 | 0a49 c1ea 
  0x000001ba32a754c8: 0949 b800 | 0013 39ba | 0100 0047 | 8824 104c | 8b4c 2450 | 458b 5110 

  0x000001ba32a754e0: ; implicit exception: dispatches to 0x000001ba32a7820c
  0x000001ba32a754e0: 458b 4250 | 4585 c00f | 84db 1600 | 0048 ff74 | 2450 488f | 4424 284c | 899c 2480 | 0000 004d 
  0x000001ba32a75500: 8bda 4c89 | 5c24 3044 | 8994 2488 | 0000 0049 | 8bd0 4c8b | 8424 8000 | 0000 488b | 6c24 6890 
  0x000001ba32a75520: ;   {optimized virtual_call}
  0x000001ba32a75520: c5f8 77e8 

  0x000001ba32a75524: ; ImmutableOopMap {rbp=Oop [40]=Oop [48]=Oop [80]=Oop [96]=Oop [104]=Oop [112]=Oop [120]=Oop [128]=Oop [136]=NarrowOop [144]=Oop [152]=Oop }
                      ;*invokevirtual getLock {reexecute=0 rethrow=0 return_oop=1}
                      ; - org.eclipse.osgi.internal.loader.ModuleClassLoader::getClassLoadingLock@5 (line 437)
                      ; - org.eclipse.osgi.internal.loader.ModuleClassLoader::defineClass@8 (line 312)
                      ; - org.eclipse.osgi.internal.loader.classpath.ClasspathManager::defineClass@424 (line 779)
  0x000001ba32a75524: 3812 70ff 

  0x000001ba32a75528: ;   {other}
  0x000001ba32a75528: 0f1f 8400 | 9812 000c | 4c8b c048 | 85c0 0f84 | d416 0000 | 488d 9c24 | d000 0000 | 498b 00a8 
  0x000001ba32a75548: 020f 8523 | 0000 0048 | 83c8 0148 | 8903 f049 | 0fb1 180f | 8437 0000 | 0048 2bc4 | 4825 07f0 
  0x000001ba32a75568: ffff 4889 | 03e9 2400 | 0000 4c8b | d048 33c0 | f04d 0fb1 | 7a3e 48c7 | 0303 0000 | 0074 114c 
  0x000001ba32a75588: 3bf8 7515 | 49ff 8286 | 0000 0048 | 33c0 7509 | 49ff 8748 | 0500 0033 | c00f 85b1 | 1800 0048 
  0x000001ba32a755a8: 8bb4 2480 | 0000 008b | 6e14 448b | 550c 4585 | d20f 86c1 | 1800 0044 | 0fbe 5e10 | 4585 db0f 
  0x000001ba32a755c8: 859f 0f00 | 00c4 4222 | f7ca 453b | ca45 0f4f | ca45 85c9 | 0f8e cf00 | 0000 453b | d10f 824c 
  0x000001ba32a755e8: 1a00 004c | 8bd5 488d | 7d10 418b | d1b8 2f00 | 0000 488b | df83 fa10 | 0f8c 7900 | 0000 83fa 
  0x000001ba32a75608: 200f 8c36 | 0000 00c5 | f96e c8c4 | e27d 78c9 | c5ed efd2 | 8bca 83e1 | e083 e21f 

  0x000001ba32a75624: ;   {no_reloc}
  0x000001ba32a75624: c5fe 6f03 | c5fd 74c1 | c4e2 7d17 | d00f 8369 | 0000 0048 | 83c3 2083 | e920 75e4 | e90d 0000 
  0x000001ba32a75644: 00c5 f96e | c8c5 e9ef | d2c4 e271 | 00ca 83fa | 100f 8c24 | 0000 008b | ca83 e1f0 | 83e2 0fc5 
  0x000001ba32a75664: fa6f 03c5 | f974 c1c4 | e279 17d0 | 0f83 2a00 | 0000 4883 | c310 83e9 | 1075 e485 | d20f 8412 
  0x000001ba32a75684: 0000 000f | b60b 3bc1 | 741c 4883 | c301 83ea | 0174 02eb | eebb ffff | ffff eb0d | c5fd d7c8 
  0x000001ba32a756a4: 0fbc c148 | 03d8 482b | df89 5c24 | 2044 8b5c | 2420 4183 | fbff 0f85 | 081c 0000 | 448b 4e14 
  0x000001ba32a756c4: 807e 1000 | 0f85 630a | 0000 418b | 690c 85ed | 0f86 ae18 | 0000 450f | b659 1041 | 83fb 5b0f 
  0x000001ba32a756e4: 8443 1d00 | 004c 8984 | 24a0 0000 | 0048 89b4 | 2480 0000 | 0048 8b54 | 2430 4c8b | c64c 8b54 
  0x000001ba32a75704: 2468 4c89 | 5424 3848 | 8bac 24a0 | 0000 0090 

  0x000001ba32a75714: ;   {optimized virtual_call}
  0x000001ba32a75714: c5f8 77e8 

  0x000001ba32a75718: ; ImmutableOopMap {rbp=Oop [40]=Oop [48]=Oop [56]=Oop [96]=Oop [104]=Oop [112]=Oop [120]=Oop [128]=Oop [136]=NarrowOop [144]=Oop [152]=Oop [160]=Oop }
                      ;*invokevirtual findLoadedClass0 {reexecute=0 rethrow=0 return_oop=1}
                      ; - java.lang.ClassLoader::findLoadedClass@11 (line 1300)
                      ; - org.eclipse.osgi.internal.loader.ModuleClassLoader::defineClass@17 (line 313)
                      ; - org.eclipse.osgi.internal.loader.classpath.ClasspathManager::defineClass@424 (line 779)
  0x000001ba32a75718: a4ec 6cff 

  0x000001ba32a7571c: ;   {other}
  0x000001ba32a7571c: 0f1f 8400 | 8c14 000d | 488b f048 | 85c0 0f85 | c109 0000 | 4c8b 5424 | 6041 8b72 | 0c4c 8b5c 
  0x000001ba32a7573c: 2438 458b | 4310 498b | c848 8b54 | 2430 4c8b | 8424 8000 | 0000 4c8b | 4c24 6033 | ff66 6690 
  0x000001ba32a7575c: ;   {optimized virtual_call}
  0x000001ba32a7575c: c5f8 77e8 

  0x000001ba32a75760: ; ImmutableOopMap {rbp=Oop [40]=Oop [56]=Oop [96]=Oop [104]=Oop [112]=Oop [120]=Oop [128]=Oop [144]=Oop [152]=Oop [160]=Oop }
                      ;*invokevirtual defineClass {reexecute=0 rethrow=0 return_oop=1}
                      ; - org.eclipse.osgi.internal.loader.ModuleClassLoader::defineClass@37 (line 315)
                      ; - org.eclipse.osgi.internal.loader.classpath.ClasspathManager::defineClass@424 (line 779)
  0x000001ba32a75760: 1c6e 4afa 

  0x000001ba32a75764: ;   {other}
  0x000001ba32a75764: 0f1f 8400 | d414 000e | bf01 0000 | 0048 8bf0 | 4c8b dd48 | 8d84 24d0 | 0000 0048 | 8338 000f 
  0x000001ba32a75784: 8479 0000 | 004d 8b13 | 41f6 c202 | 0f84 6200 | 0000 4983 | ba86 0000 | 0000 7409 | 49ff 8a86 
  0x000001ba32a757a4: 0000 00eb | 4b49 8b82 | 9600 0000 | 490b 828e | 0000 0075 | 0a49 c742 | 3e00 0000 | 00eb 3d49 
  0x000001ba32a757c4: 83ba 9e00 | 0000 0074 | 2248 33c0 | 49c7 423e | 0000 0000 | f083 0424 | 0049 83ba | 9e00 0000 
  0x000001ba32a757e4: 0075 0df0 | 4d0f b17a | 3e75 0583 | c801 eb0c | a800 eb08 | 4c8b 10f0 | 4d0f b113 | 750a 49ff 
  0x000001ba32a75804: 8f48 0500 | 0045 33d2 | 0f85 ca16 | 0000 498b | 9fb8 0100 | 004c 8bd3 | 4983 c218 | 4d3b 97c8 
  0x000001ba32a75824: 0100 000f | 832e 0e00 | 004d 8997 | b801 0000 | 410f 1882 | 0001 0000 | 48c7 0301 

  0x000001ba32a75840: ;   {metadata('org/eclipse/osgi/internal/loader/ModuleClassLoader$DefineClassResult')}
  0x000001ba32a75840: 0000 00c7 | 4308 0060 | 1101 4489 | 630c 4c89 | 6310 4088 | 7b0c 4c8b | 9424 9000 | 0000 418b 
  0x000001ba32a75860: 6a10 4c8b | d644 8953 | 1044 8b55 

  0x000001ba32a7586c: ;   {metadata('java/util/ArrayList')}
  0x000001ba32a7586c: 0841 81fa | 30a5 0b00 | 0f85 8d16 | 0000 488b | cd44 8b69 | 1045 85ed | 0f8e 1c03 | 0000 448b 
  0x000001ba32a7588c: 4914 458b | 590c 4489 | 5c24 2045 | 85db 0f86 | ac13 0000 | 4d63 d54d | 63db 49ff | ca4d 3bd3 
  0x000001ba32a758ac: 0f83 9a13 | 0000 488b | bc24 8000 | 0000 448b | 4714 440f | be5f 104d | 8bf1 4d8b | d049 8d68 
  0x000001ba32a758cc: 1045 33d2 | 4889 5c24 | 5048 894c | 2478 4489 | 8c24 8800 | 0000 e955 | 0100 0048 | 8b94 24a0 
  0x000001ba32a758ec: 0000 0066 | 6690 c5f8 | 7748 b8d0 | 7218 3bba 

  0x000001ba32a758fc: ;   {virtual_call}
  0x000001ba32a758fc: 0100 00e8 

  0x000001ba32a75900: ; ImmutableOopMap {[80]=Oop [96]=Oop [104]=Oop [112]=Oop [120]=Oop [128]=Oop [144]=Oop [152]=Oop [160]=Oop }
                      ;*invokeinterface next {reexecute=0 rethrow=0 return_oop=1}
                      ; - java.util.Collections$UnmodifiableCollection$1::next@4 (line 1078)
                      ; - org.eclipse.osgi.internal.loader.classpath.ClasspathManager::defineClass@270 (line 764)
  0x000001ba32a75900: 9c05 6eff 

  0x000001ba32a75904: ;   {other}
  0x000001ba32a75904: 0f1f 8400 | 7416 000f 

  0x000001ba32a7590c: ; implicit exception: dispatches to 0x000001ba32a780d8
  0x000001ba32a7590c: 448b 5008 | 49bb 0000 | 003b ba01 | 0000 4d03 | da4d 8b53 

  0x000001ba32a75920: ;   {metadata('org/eclipse/osgi/internal/hookregistry/ClassLoaderHook')}
  0x000001ba32a75920: 3849 bb48 | e702 3cba | 0100 004d | 3bd3 0f85 | 3011 0000 | 488b e848 | 8bd5 4c8b | 9424 9800 
  0x000001ba32a75940: 0000 4c89 | 5424 2866 | 6690 c5f8 | 7748 b8ff | ffff ffff 

  0x000001ba32a75954: ;   {virtual_call}
  0x000001ba32a75954: ffff ffe8 

  0x000001ba32a75958: ; ImmutableOopMap {rbp=Oop [40]=Oop [80]=Oop [96]=Oop [104]=Oop [112]=Oop [120]=Oop [128]=Oop [144]=Oop [152]=Oop [160]=Oop }
                      ;*invokevirtual isProcessClassRecursionSupported {reexecute=0 rethrow=0 return_oop=0}
                      ; - org.eclipse.osgi.internal.loader.classpath.ClasspathManager::defineClass@282 (line 765)
  0x000001ba32a75958: b44b 21ff 

  0x000001ba32a7595c: ;   {other}
  0x000001ba32a7595c: 0f1f 8400 | cc16 0010 | 85c0 0f84 | 7911 0000 | 488b d54c | 8b84 2480 | 0000 004c | 8b4c 2460 
  0x000001ba32a7597c: 488b 7c24 | 6848 8b74 | 2470 488b | 4c24 5048 | 897c 2440 | 4889 7424 | 484c 8b94 | 2498 0000 
  0x000001ba32a7599c: 004c 8954 | 2458 4c89 | 9424 8800 | 0000 c5f8 | 7748 b8ff | ffff ffff 

  0x000001ba32a759b4: ;   {virtual_call}
  0x000001ba32a759b4: ffff ffe8 

  0x000001ba32a759b8: ; ImmutableOopMap {rbp=Oop [64]=Oop [72]=Oop [80]=Oop [88]=Oop [96]=Oop [104]=Oop [112]=Oop [120]=Oop [128]=Oop [136]=Oop [144]=Oop [152]=Oop [160]=Oop }
                      ;*invokevirtual processClass {reexecute=0 rethrow=0 return_oop=1}
                      ; - org.eclipse.osgi.internal.loader.classpath.ClasspathManager::processClass@8 (line 799)
                      ; - org.eclipse.osgi.internal.loader.classpath.ClasspathManager::defineClass@299 (line 769)
  0x000001ba32a759b8: 5c8c 23ff 

  0x000001ba32a759bc: ;   {other}
  0x000001ba32a759bc: 0f1f 8400 | 2c17 0011 | 4885 c00f | 84c3 efff | ff4c 8bd5 | 448b 4508 

  0x000001ba32a759d4: ;   {metadata('org/eclipse/osgi/internal/weaving/WeavingHookConfigurator')}
  0x000001ba32a759d4: 4181 f880 | f102 010f | 84b4 efff | ffba deff | ffff 4c8b | 5c24 584c | 895c 2440 | 4c8b 9c24 
  0x000001ba32a759f4: 9000 0000 | 4c89 5c24 | 484c 8b9c | 2480 0000 | 004c 895c | 2458 4889 | 8424 8000 | 0000 4c89 
  0x000001ba32a75a14: 9424 8800 | 0000 6690 

  0x000001ba32a75a1c: ;   {runtime_call UncommonTrapBlob}
  0x000001ba32a75a1c: c5f8 77e8 

  0x000001ba32a75a20: ; ImmutableOopMap {[64]=Oop [72]=Oop [80]=Oop [88]=Oop [96]=Oop [104]=Oop [112]=Oop [128]=Oop [136]=Oop [160]=Oop }
                      ;*instanceof {reexecute=0 rethrow=0 return_oop=0}
                      ; - org.eclipse.osgi.internal.loader.classpath.ClasspathManager::processClass@19 (line 803)
                      ; - org.eclipse.osgi.internal.loader.classpath.ClasspathManager::defineClass@299 (line 769)
  0x000001ba32a75a20: dcdf 15ff 

  0x000001ba32a75a24: ;   {other}
  0x000001ba32a75a24: 0f1f 8400 | 9417 0012 | 0f1f 4000 | 453b cd0f | 8da1 0600 | 0045 8bd1 | 4f8d 0c96 | c4c1 f96e 
  0x000001ba32a75a44: c149 8bd1 | 4883 c210 | 8b0a 458d | 4a01 488b | d948 8bbc | 2480 0000 | 0048 3bfb | 0f84 f900 
  0x000001ba32a75a64: 0000 85c9 | 74c6 8b59 

  0x000001ba32a75a6c: ;   {metadata('java/lang/String')}
  0x000001ba32a75a6c: 0881 fb40 | e700 000f | 856b 2500 | 0048 8bf9 | 0fbe 5f10 | 443b db0f | 8573 0f00 | 0041 8b48 
  0x000001ba32a75a8c: 0c8b 5f14 | 8b73 0c3b | ce75 9948 | 8bfb 488d | 7310 488b | fd85 c90f | 849d 0000 | 008b c183 
  0x000001ba32a75aac: e01f 83e1 | e00f 844b | 0000 0048 | 8d3c 0f48 | 8d34 0e48 | f7d9 c5fe | 6f14 0fc5 | fe6f 0c0e 
  0x000001ba32a75acc: c5ed efd1 | c4e2 7d17 | d20f 8572 | 0000 0048 | 83c1 2075 | e185 c00f | 845d 0000 | 00c5 fe6f 
  0x000001ba32a75aec: 5407 e0c5 | fe6f 4c06 | e0c5 edef | d1c4 e27d | 17d2 754d | eb44 8bc8 | 83e1 fc74 | 1948 8d3c 
  0x000001ba32a75b0c: 0f48 8d34 | 0e48 f7d9 | 8b1c 0f3b | 1c0e 7531 | 4883 c104 | 75f2 a802 | 7412 0fb7 | 1f0f b70e 
  0x000001ba32a75b2c: 3bd9 751d | 488d 7f02 | 488d 7602 | a801 740a | 0fb6 1f0f | b60e 3bd9 | 7507 b801 | 0000 00eb 
  0x000001ba32a75b4c: 0233 c0c5 | edef d2c5 | f5ef c985 | c00f 84d1 | feff ff4c | 8b5c 2478 | 458b 5b0c | 418d 5dff 
  0x000001ba32a75b6c: ;   {no_reloc}
  0x000001ba32a75b6c: 41ff c34c | 8b44 2478 | 4589 580c | 413b da0f | 8ff3 0500 | 004c 8b54 | 2478 4189 | 5a10 3b5c 
  0x000001ba32a75b8c: 2420 0f83 | 0811 0000 | 448b 9424 | 8800 0000 | 4789 64aa | 0c48 8b5c | 2450 440f | b653 0c45 
  0x000001ba32a75bac: 85d2 0f84 | 3005 0000 | 448b 5310 | 4c89 5424 | 4848 895c | 2440 4c8b | 9424 9800 | 0000 458b 
  0x000001ba32a75bcc: 520c 498b | d290 c5f8 | 7748 b830 | a50b 3bba 

  0x000001ba32a75bdc: ;   {virtual_call}
  0x000001ba32a75bdc: 0100 00e8 

  0x000001ba32a75be0: ; ImmutableOopMap {[40]=Oop [64]=Oop [72]=Oop [96]=Oop [104]=Oop [112]=Oop [128]=Oop [152]=Oop }
                      ;*invokeinterface iterator {reexecute=0 rethrow=0 return_oop=1}
                      ; - java.util.Collections$UnmodifiableCollection$1::<init>@17 (line 1075)
                      ; - java.util.Collections$UnmodifiableCollection::iterator@5 (line 1074)
                      ; - org.eclipse.osgi.internal.loader.classpath.ClasspathManager::defineClass@576 (line 788)
  0x000001ba32a75be0: 3c35 72ff 

  0x000001ba32a75be4: ;   {other}
  0x000001ba32a75be4: 0f1f 8400 | 5419 0013 | 4889 4424 | 5848 8bd0 | 6690 c5f8 | 7748 b8d0 | 7218 3bba 

  0x000001ba32a75c00: ;   {virtual_call}
  0x000001ba32a75c00: 0100 00e8 

  0x000001ba32a75c04: ; ImmutableOopMap {[40]=Oop [64]=Oop [72]=Oop [88]=Oop [96]=Oop [104]=Oop [112]=Oop [128]=Oop [152]=Oop }
                      ;*invokeinterface hasNext {reexecute=0 rethrow=0 return_oop=0}
                      ; - java.util.Collections$UnmodifiableCollection$1::hasNext@4 (line 1077)
                      ; - org.eclipse.osgi.internal.loader.classpath.ClasspathManager::defineClass@613 (line 788)
  0x000001ba32a75c04: 98e8 6dff 

  0x000001ba32a75c08: ;   {other}
  0x000001ba32a75c08: 0f1f 8400 | 7819 0014 | 85c0 0f84 | c600 0000 | 0f1f 8400 | 0000 0000 | 488b 5424 | 5890 c5f8 
  0x000001ba32a75c28: 7748 b8d0 | 7218 3bba 

  0x000001ba32a75c30: ;   {virtual_call}
  0x000001ba32a75c30: 0100 00e8 

  0x000001ba32a75c34: ; ImmutableOopMap {[40]=Oop [64]=Oop [72]=Oop [88]=Oop [96]=Oop [104]=Oop [112]=Oop [128]=Oop [152]=Oop }
                      ;*invokeinterface next {reexecute=0 rethrow=0 return_oop=1}
                      ; - java.util.Collections$UnmodifiableCollection$1::next@4 (line 1078)
                      ; - org.eclipse.osgi.internal.loader.classpath.ClasspathManager::defineClass@588 (line 788)
  0x000001ba32a75c34: 6802 6eff 

  0x000001ba32a75c38: ;   {other}
  0x000001ba32a75c38: 0f1f 8400 | a819 0015 

  0x000001ba32a75c40: ; implicit exception: dispatches to 0x000001ba32a78100
  0x000001ba32a75c40: 448b 5008 | 49bb 0000 | 003b ba01 | 0000 4d03 | da4d 8b53 

  0x000001ba32a75c54: ;   {metadata('org/eclipse/osgi/internal/hookregistry/ClassLoaderHook')}
  0x000001ba32a75c54: 3849 bb48 | e702 3cba | 0100 004d | 3bd3 0f85 | 340e 0000 | 488b d04c | 8b84 2480 | 0000 004c 
  0x000001ba32a75c74: 8b4c 2448 | 488b 7c24 | 6048 8b74 | 2468 488b | 4c24 704c | 8b54 2428 | 4c89 1424 | 6690 c5f8 
  0x000001ba32a75c94: 7748 b8ff | ffff ffff 

  0x000001ba32a75c9c: ;   {virtual_call}
  0x000001ba32a75c9c: ffff ffe8 

  0x000001ba32a75ca0: ; ImmutableOopMap {[40]=Oop [64]=Oop [72]=Oop [88]=Oop [96]=Oop [104]=Oop [112]=Oop [128]=Oop [152]=Oop }
                      ;*invokevirtual recordClassDefine {reexecute=0 rethrow=0 return_oop=0}
                      ; - org.eclipse.osgi.internal.loader.classpath.ClasspathManager::defineClass@608 (line 789)
  0x000001ba32a75ca0: a48b 23ff 

  0x000001ba32a75ca4: ;   {other}
  0x000001ba32a75ca4: 0f1f 8400 | 141a 0016 | 488b 5424 | 5890 c5f8 | 7748 b8d0 | 7218 3bba 

  0x000001ba32a75cbc: ;   {virtual_call}
  0x000001ba32a75cbc: 0100 00e8 

  0x000001ba32a75cc0: ; ImmutableOopMap {[40]=Oop [64]=Oop [72]=Oop [88]=Oop [96]=Oop [104]=Oop [112]=Oop [128]=Oop [152]=Oop }
                      ;*invokeinterface hasNext {reexecute=0 rethrow=0 return_oop=0}
                      ; - java.util.Collections$UnmodifiableCollection$1::hasNext@4 (line 1077)
                      ; - org.eclipse.osgi.internal.loader.classpath.ClasspathManager::defineClass@613 (line 788)
  0x000001ba32a75cc0: dce7 6dff 

  0x000001ba32a75cc4: ;   {other}
  0x000001ba32a75cc4: 0f1f 8400 | 341a 0017 | 4d8b 9750 

  0x000001ba32a75cd0: ; ImmutableOopMap {[40]=Oop [64]=Oop [72]=Oop [88]=Oop [96]=Oop [104]=Oop [112]=Oop [128]=Oop [152]=Oop }
                      ;*ifne {reexecute=1 rethrow=0 return_oop=0}
                      ; - (reexecute) org.eclipse.osgi.internal.loader.classpath.ClasspathManager::defineClass@618 (line 788)
                      ;   {poll}
  0x000001ba32a75cd0: 0400 0041 | 8502 85c0 | 0f85 42ff | ffff 4c8b | 5424 4045 | 8b52 1049 | 8bc2 c5f8 | 7748 81c4 
  0x000001ba32a75cf0: e000 0000 

  0x000001ba32a75cf4: ;   {poll_return}
  0x000001ba32a75cf4: 5d49 3ba7 | 4804 0000 | 0f87 2b2e | 0000 c30f | b67b 1185 | ff0f 8520 | 0800 000f | be7b 1085 
  0x000001ba32a75d14: ff0f 85d1 | 1a00 0048 | 894c 2448 | 4889 7424 | 4044 895c | 2438 4489 | 4424 2448 | ffb4 2488 
  0x000001ba32a75d34: 0000 0048 | 8f44 2430 | 4c89 6c24 | 2844 8b5b | 1449 8bea | 4489 5424 | 3c49 8bd3 

  0x000001ba32a75d50: ;   {static_call}
  0x000001ba32a75d50: c5f8 77e8 

  0x000001ba32a75d54: ; ImmutableOopMap {rbp=Oop [36]=NarrowOop [40]=Oop [48]=Oop [56]=NarrowOop [60]=NarrowOop [64]=Oop [72]=Oop [80]=Oop [96]=Oop [104]=Oop [112]=Oop [120]=Oop [128]=Oop }
                      ;*invokestatic hashCode {reexecute=0 rethrow=0 return_oop=0}
                      ; - java.lang.String::hashCode@27 (line 2369)
                      ; - java.util.concurrent.ConcurrentHashMap::get@1 (line 936)
                      ; - java.lang.ClassLoader::getDefinedPackage@13 (line 2263)
                      ; - java.lang.ClassLoader::getPackage@2 (line 2333)
                      ; - org.eclipse.osgi.internal.loader.ModuleClassLoader::publicGetPackage@9 (line 330)
                      ; - org.eclipse.osgi.internal.loader.classpath.ClasspathManager::definePackage@26 (line 825)
                      ; - org.eclipse.osgi.internal.loader.classpath.ClasspathManager::defineClass@9 (line 733)
  0x000001ba32a75d54: e8bd 6dff 

  0x000001ba32a75d58: ;   {other}
  0x000001ba32a75d58: 0f1f 8400 | c81a 0019 | 85c0 0f84 | 9408 0000 | 488b 5c24 | 3089 430c | 448b 4424 | 2444 8b5c 
  0x000001ba32a75d78: 2438 488b | 7424 4048 | 8b4c 2448 | 448b 5424 | 3c4c 8b6c | 2428 e9c6 | eeff ff45 | 85c0 0f87 
  0x000001ba32a75d98: 7a02 0000 

  0x000001ba32a75d9c: ;   {oop(a 'java/lang/Object'[0] {0x00000000e0001e60})}
  0x000001ba32a75d9c: 4181 f960 | 1e00 e00f | 856d 0200 | 0041 b80a | 0000 0044 | 3bc3 440f | 4cc3 4181 | f800 0004 
  0x000001ba32a75dbc: 000f 873d | 1700 0049 | 63c8 4181 | f800 0004 | 000f 8769 | 0b00 004d | 8b8f b801 | 0000 488d 
  0x000001ba32a75ddc: 0c8d 1700 | 0000 488b | f948 83e7 | f849 8bd1 | 4803 d749 | 3b97 c801 | 0000 0f83 | 400b 0000 
  0x000001ba32a75dfc: 4989 97b8 | 0100 000f | 1882 0001 | 0000 49c7 | 0101 0000 | 000f 1882 | 4001 0000 

  0x000001ba32a75e18: ;   {metadata('java/lang/Object'[])}
  0x000001ba32a75e18: 41c7 4108 | 4012 0000 | 4589 410c | 0f18 8280 | 0100 0049 | 8bf9 4883 | c710 48c1 | e903 4883 
  0x000001ba32a75e38: c1fe 4833 | c048 83f9 | 087f 1048 | ffc9 784f | 4889 04cf | 48ff c97d | f7eb 44c5 | fdef c0e9 
  0x000001ba32a75e58: 0d00 0000 | c5fe 7f07 | c5fe 7f47 | 2048 83c7 | 4048 83e9 | 087d ed48 | 83c1 047c | 0cc5 fe7f 
  0x000001ba32a75e78: 0748 83c7 | 2048 83e9 | 0448 83c1 | 047e 1048 | ffc9 c5f9 | d607 4883 | c708 48ff | c97d f34d 
  0x000001ba32a75e98: 8bc6 498b | c941 894e | 1449 c1e8 | 0948 b900 | 0013 39ba | 0100 0046 | 8824 01e9 | e1f5 ffff 
  0x000001ba32a75eb8: 85d2 0f85 | 7606 0000 | 0fbe 5310 | 85d2 0f85 | 141b 0000 | 4489 5424 | 3c48 894c | 2448 4889 
  0x000001ba32a75ed8: 7424 4044 | 895c 2438 | 4489 4424 | 2448 895c | 2430 488b | d749 8be9 | 4489 4c24 | 5866 6690 
  0x000001ba32a75ef8: ;   {static_call}
  0x000001ba32a75ef8: c5f8 77e8 

  0x000001ba32a75efc: ; ImmutableOopMap {rbp=Oop [36]=NarrowOop [40]=Oop [48]=Oop [56]=NarrowOop [60]=NarrowOop [64]=Oop [72]=Oop [80]=Oop [88]=NarrowOop [96]=Oop [104]=Oop [112]=Oop [120]=Oop [128]=Oop }
                      ;*invokestatic hashCode {reexecute=0 rethrow=0 return_oop=0}
                      ; - java.lang.String::hashCode@27 (line 2369)
                      ; - java.util.concurrent.ConcurrentHashMap::get@1 (line 936)
                      ; - java.lang.ClassLoader::definePackage@47 (line 2125)
                      ; - java.lang.ClassLoader::getDefinedPackage@32 (line 2267)
                      ; - java.lang.ClassLoader::getPackage@2 (line 2333)
                      ; - org.eclipse.osgi.internal.loader.ModuleClassLoader::publicGetPackage@9 (line 330)
                      ; - org.eclipse.osgi.internal.loader.classpath.ClasspathManager::definePackage@26 (line 825)
                      ; - org.eclipse.osgi.internal.loader.classpath.ClasspathManager::defineClass@9 (line 733)
  0x000001ba32a75efc: 808e 15ff 

  0x000001ba32a75f00: ;   {other}
  0x000001ba32a75f00: 0f1f 8400 | 701c 001a | 85c0 0f84 | 1d07 0000 | 488b 5c24 | 3089 430c | 448b 4424 | 2444 8b5c 
  0x000001ba32a75f20: 2438 488b | 7424 4048 | 8b4c 2448 | 448b 5424 | 3c44 8b4c | 2458 e9a7 | efff ff4c | 8b9c 2480 
  0x000001ba32a75f40: 0000 00e9 | 35f5 ffff | 4c8b 5424 | 5045 8b52 | 0c45 8b5a | 4c45 8b53 | 0c45 8b5a | 1845 8b53 
  0x000001ba32a75f60: 1441 0fb6 | 6a21 85ed | 0f84 f61a | 0000 4c8b | 5424 684d | 85d2 0f84 | 7819 0000 | 4889 5c24 
  0x000001ba32a75f80: 4849 8bd2 | 4c8b c390 

  0x000001ba32a75f88: ;   {optimized virtual_call}
  0x000001ba32a75f88: c5f8 77e8 

  0x000001ba32a75f8c: ; ImmutableOopMap {[40]=Oop [72]=Oop [80]=Oop [96]=Oop [104]=Oop [112]=Oop [120]=Oop [128]=Oop }
                      ;*invokevirtual manifestPackageAttributesFor {reexecute=0 rethrow=0 return_oop=1}
                      ; - org.eclipse.osgi.internal.loader.classpath.ClasspathManager::definePackage@77 (line 836)
                      ; - org.eclipse.osgi.internal.loader.classpath.ClasspathManager::defineClass@9 (line 733)
  0x000001ba32a75f8c: f020 ddf7 

  0x000001ba32a75f90: ;   {other}
  0x000001ba32a75f90: 0f1f 8400 | 001d 001b 

  0x000001ba32a75f98: ; implicit exception: dispatches to 0x000001ba32a78464
  0x000001ba32a75f98: 8b78 1044 | 8b4f 0c44 | 8b50 0c45 | 8b42 0c45 | 8b5a 1448 | 8b4c 2450 | 8b51 108b | 5f10 418b 
  0x000001ba32a75fb8: 7210 8b6f | 1485 d20f | 844b 1900 | 004d 8bd3 | 4c8b de49 | 8bc8 488b | fb48 8bf5 | 4c8b 4424 
  0x000001ba32a75fd8: 484c 891c | 244c 8954 | 2408 4533 | d24c 8954 | 2410 6690 

  0x000001ba32a75fec: ;   {optimized virtual_call}
  0x000001ba32a75fec: c5f8 77e8 

  0x000001ba32a75ff0: ; ImmutableOopMap {[40]=Oop [80]=Oop [96]=Oop [104]=Oop [112]=Oop [120]=Oop [128]=Oop }
                      ;*invokevirtual publicDefinePackage {reexecute=0 rethrow=0 return_oop=1}
                      ; - org.eclipse.osgi.internal.loader.classpath.ClasspathManager::definePackage@157 (line 849)
                      ; - org.eclipse.osgi.internal.loader.classpath.ClasspathManager::defineClass@9 (line 733)
  0x000001ba32a75ff0: 8c18 ddf7 

  0x000001ba32a75ff4: ;   {other}
  0x000001ba32a75ff4: 0f1f 8400 | 641d 001c | e99b f1ff | ff4c 8b94 | 2480 0000 | 004c 8994 | 2488 0000 | 00e9 9ceb 
  0x000001ba32a76014: ffff 418b | ea41 2be8 | 418b c8d1 | f9ff c53b | cd0f 4ccd | 4103 c88d | 79ff 81ff | f7ff ff7f 
  0x000001ba32a76034: 0f83 ed1c | 0000 895c | 2424 4489 | 9424 8000 | 0000 498b | ee4c 8b94 | 2490 0000 | 004c 8954 
  0x000001ba32a76054: 2448 4c89 | 5c24 5849 | 8bd1 448b | c166 6690 

  0x000001ba32a76064: ;   {static_call}
  0x000001ba32a76064: c5f8 77e8 

  0x000001ba32a76068: ; ImmutableOopMap {rbp=Oop [72]=Oop [80]=Oop [88]=Oop [96]=Oop [104]=Oop [112]=Oop [120]=Oop [152]=Oop }
                      ;*invokestatic copyOf {reexecute=0 rethrow=0 return_oop=1}
                      ; - java.util.ArrayList::grow@37 (line 237)
                      ; - java.util.ArrayList::grow@7 (line 244)
                      ; - java.util.ArrayList::add@7 (line 483)
                      ; - java.util.ArrayList::add@20 (line 496)
                      ; - org.eclipse.osgi.internal.loader.classpath.ClasspathManager::defineClass@411 (line 777)
  0x000001ba32a76068: 148d 15ff 

  0x000001ba32a7606c: ;   {other}
  0x000001ba32a7606c: 0f1f 8400 | dc1d 001d | 4c8b d84c | 8bf5 4589 | 5e14 4d8b | d649 c1ea | 0949 bb00 | 0013 39ba 
  0x000001ba32a7608c: 0100 0047 | 8824 1348 | 85c0 0f84 | f01a 0000 | 4c8b 5c24 | 584c 8b54 | 2448 4c89 | 9424 9000 
  0x000001ba32a760ac: 0000 448b | 9424 8000 | 0000 8b5c | 2424 4c8b | c8e9 d7f3 | ffff 418b | d1e9 dee8 | ffff 41ba 
  0x000001ba32a760cc: ffff ffff | 4489 5424 | 20e9 a7e8 | ffff 488b | 5c24 50e9 | c2fa ffff | 4533 d24c | 8954 2448 
  0x000001ba32a760ec: e9cc faff | ff33 ffe9 | 7cf6 ffff | 33ff e9fd | f0ff ff48 | 896c 2458 | 488b 5c24 | 2848 8bd3 
  0x000001ba32a7610c: 4c8b 4424 | 5866 6690 

  0x000001ba32a76114: ;   {optimized virtual_call}
  0x000001ba32a76114: c5f8 77e8 

  0x000001ba32a76118: ; ImmutableOopMap {[80]=Oop [88]=Oop [96]=Oop [104]=Oop [112]=Oop [120]=Oop [128]=Oop }
                      ;*invokevirtual setInitialValue {reexecute=0 rethrow=0 return_oop=1}
                      ; - java.lang.ThreadLocal::get@31 (line 194)
                      ; - java.lang.ThreadLocal::get@4 (line 172)
                      ; - org.eclipse.osgi.internal.loader.classpath.ClasspathManager::defineClass@16 (line 734)
  0x000001ba32a76118: 04e5 a100 

  0x000001ba32a7611c: ;   {other}
  0x000001ba32a7611c: 0f1f 8400 | 8c1e 001e | 4c8b c84c | 8b44 2458 | e905 f1ff | ff4c 8984 | 24a0 0000 | 0048 89b4 
  0x000001ba32a7613c: 2480 0000 | 0049 8bd1 | 4533 c048 | 8b6c 2428 

  0x000001ba32a7614c: ;   {static_call}
  0x000001ba32a7614c: c5f8 77e8 

  0x000001ba32a76150: ; ImmutableOopMap {rbp=Oop [40]=Oop [48]=Oop [96]=Oop [104]=Oop [112]=Oop [120]=Oop [128]=Oop [136]=NarrowOop [144]=Oop [152]=Oop [160]=Oop }
                      ;*invokestatic charAt {reexecute=0 rethrow=0 return_oop=0}
                      ; - java.lang.String::charAt@21 (line 1557)
                      ; - java.lang.ClassLoader::checkName@25 (line 1157)
                      ; - java.lang.ClassLoader::findLoadedClass@1 (line 1298)
                      ; - org.eclipse.osgi.internal.loader.ModuleClassLoader::defineClass@17 (line 313)
                      ; - org.eclipse.osgi.internal.loader.classpath.ClasspathManager::defineClass@424 (line 779)
  0x000001ba32a76150: 2c8c 15ff 

  0x000001ba32a76154: ;   {other}
  0x000001ba32a76154: 0f1f 8400 | c41e 001f | 488b b424 | 8000 0000 | 4c8b 8424 | a000 0000 | 448b d8e9 | 6bf5 ffff 
  0x000001ba32a76174: 458b dd45 | 2bda 418d | 6bff 448b | 4424 2045 | 3bc5 0f82 | f01b 0000 | 443b c30f | 82e7 1b00 
  0x000001ba32a76194: 0085 ed0f | 8cdf 1b00 | 0041 83fb | 010f 84da | f9ff ffc4 | c1f9 7ec2 | 4983 c214 | 4c63 c549 
  0x000001ba32a761b4: 8bca c5f8 | 7749 ba80 | 79bb 31ba | 0100 0041 

  0x000001ba32a761c4: ;   {other}
  0x000001ba32a761c4: ffd2 0f1f | 8400 0000 | 0000 e9ae | f9ff ff49 | 8b87 b801 | 0000 4c8b | d049 83c2 | 184d 3b97 
  0x000001ba32a761e4: c801 0000 | 0f83 da13 | 0000 4d89 | 97b8 0100 | 0041 0f18 | 8200 0100 | 0048 c700 | 0100 0000 
  0x000001ba32a76204: ;   {metadata('org/eclipse/osgi/internal/loader/classpath/ClasspathManager$DefineContext')}
  0x000001ba32a76204: c740 08d8 | 2e11 0144 | 8960 0c4c | 8960 104c | 8bd0 4c89 | 9424 9000 | 0000 4d8b | 8fb8 0100 
  0x000001ba32a76224: 004d 8bd1 | 4983 c218 | 4d3b 97c8 | 0100 000f | 834b 1300 | 004d 8997 | b801 0000 | 410f 1882 
  0x000001ba32a76244: 0001 0000 | 49c7 0101 

  0x000001ba32a7624c: ;   {metadata('java/util/ArrayList')}
  0x000001ba32a7624c: 0000 0041 | c741 0830 | a50b 0045 | 8961 0c4d | 8961 1049 | 8b87 b801 | 0000 4c8b | d049 83c2 
  0x000001ba32a7626c: 284d 3b97 | c801 0000 | 0f83 f313 | 0000 4d89 | 97b8 0100 | 0041 0f18 | 8200 0100 | 0048 c700 
  0x000001ba32a7628c: 0100 0000 | 410f 1882 | 4001 0000 

  0x000001ba32a76298: ;   {metadata('java/lang/Object'[])}
  0x000001ba32a76298: c740 0840 | 1200 0041 | 0f18 8280 | 0100 00c7 | 400c 0500 | 0000 4c89 | 6010 4c89 | 6018 4c89 
  0x000001ba32a762b8: 6020 4d8b | d94c 8b94 | 2490 0000 | 0045 895a | 0c4c 8bd8 | 4589 5914 | 4d8b d14c | 8b9c 2490 
  0x000001ba32a762d8: 0000 0049 | c1ea 0949 | b900 0013 | 39ba 0100 | 0047 8824 | 1149 c1eb | 0949 ba00 | 0013 39ba 
  0x000001ba32a762f8: 0100 0047 | 8824 1a49 | 8b8f b801 | 0000 4c8b | d149 83c2 | 184d 3b97 | c801 0000 | 0f83 ee12 
  0x000001ba32a76318: 0000 4d89 | 97b8 0100 | 0041 0f18 | 8200 0100 | 0048 c701 | 0100 0000 

  0x000001ba32a76330: ;   {metadata('java/util/ArrayList')}
  0x000001ba32a76330: c741 0830 | a50b 0044 | 8961 0c4c | 8961 1049 | 8b87 b801 | 0000 4c8b | d049 83c2 | 284d 3b97 
  0x000001ba32a76350: c801 0000 | 0f83 9e13 | 0000 4d89 | 97b8 0100 | 0041 0f18 | 8200 0100 | 0048 c700 | 0100 0000 
  0x000001ba32a76370: 410f 1882 | 4001 0000 

  0x000001ba32a76378: ;   {metadata('java/lang/Object'[])}
  0x000001ba32a76378: c740 0840 | 1200 0041 | 0f18 8280 | 0100 00c7 | 400c 0500 | 0000 4c89 | 6010 4c89 | 6018 4c89 
  0x000001ba32a76398: 6020 4c8b | 5424 5045 | 8b52 284c | 8bc8 4489 | 4914 4c8b | c94c 8b9c | 2490 0000 | 0045 894b 
  0x000001ba32a763b8: 104c 8bd9 | 4c8b 8c24 | 9000 0000 | 49c1 eb09 | 48b9 0000 | 1339 ba01 | 0000 4688 | 2419 49c1 
  0x000001ba32a763d8: e909 49bb | 0000 1339 | ba01 0000 | 4788 240b 

  0x000001ba32a763e8: ; implicit exception: dispatches to 0x000001ba32a784c4
  0x000001ba32a763e8: 458b 4a08 

  0x000001ba32a763ec: ;   {metadata('java/lang/ThreadLocal')}
  0x000001ba32a763ec: 4181 f9c8 | 1612 000f | 85e3 1900 | 0045 8b58 | 4c49 8bca | 4585 db0f | 84df 0b00 | 0041 8b7b 
  0x000001ba32a7640c: 1444 8b4f | 0c45 8d41 | ff44 2341 | 0c45 85c9 | 0f86 da19 | 0000 468b | 5487 1049 | 8bdb 488b 
  0x000001ba32a7642c: f748 8b94 | 2490 0000 | 0048 8bea | 4585 d20f | 84a1 0200 | 0049 8bd2 | 4889 b424 | 9800 0000 
  0x000001ba32a7644c: 448b 520c | 4c3b d10f | 8527 0400 | 0089 6a1c | 4c8b d249 | c1ea 0949 | bb00 0013 | 39ba 0100 
  0x000001ba32a7646c: 0047 8824 | 13e9 e2ed | ffff 4c63 | c54d 8d48 | 1049 8bc9 | 4883 e1f8 | 488b fe48 | 03f9 49c1 
  0x000001ba32a7648c: e903 4d2b | d949 8bcb | 4833 c048 | 83f9 087f | 1048 ffc9 | 784f 4889 | 04cf 48ff | c97d f7eb 
  0x000001ba32a764ac: 44c5 fdef | c0e9 0d00 | 0000 c5fe | 7f07 c5fe | 7f47 2048 | 83c7 4048 | 83e9 087d | ed48 83c1 
  0x000001ba32a764cc: 047c 0cc5 | fe7f 0748 | 83c7 2048 | 83e9 0448 | 83c1 047e | 1048 ffc9 | c5f9 d607 

  0x000001ba32a764e8: ;   {no_reloc}
  0x000001ba32a764e8: 4883 c708 | 48ff c97d | f349 8bca | c5f8 7749 | bac0 6dbb | 31ba 0100 | 0041 ffd2 

  0x000001ba32a76504: ;   {other}
  0x000001ba32a76504: 0f1f 8400 | 0000 0000 | e979 e6ff 

  0x000001ba32a76510: ;   {oop(""{0x00000000e0001470})}
  0x000001ba32a76510: ff48 bb70 | 1400 e000 | 0000 00e9 | 8ae6 ffff | 48ff 7424 | 2848 8f44 | 2458 e9da | fbff ff33 
  0x000001ba32a76530: c0e9 23e7 | ffff 33c0 | e9a5 e9ff | ff4c 8b4c | 2428 488b | 5c24 3044 | 8b44 2424 | 448b 5c24 
  0x000001ba32a76550: 3848 8b74 | 2440 488b | 4c24 4844 | 8b54 243c | 8b44 2458 | 4d8b e9e9 | 36e7 ffff | 4c89 8424 
  0x000001ba32a76570: a000 0000 | 488b d690 

  0x000001ba32a76578: ;   {optimized virtual_call}
  0x000001ba32a76578: c5f8 77e8 

  0x000001ba32a7657c: ; ImmutableOopMap {rbp=NarrowOop [40]=Oop [48]=Oop [96]=Oop [104]=Oop [112]=Oop [120]=Oop [128]=Oop [136]=NarrowOop [144]=Oop [152]=Oop [160]=Oop }
                      ;*invokevirtual length {reexecute=0 rethrow=0 return_oop=0}
                      ; - java.lang.String::indexOf@30 (line 2462)
                      ; - java.lang.String::indexOf@3 (line 2405)
                      ; - java.lang.ClassLoader::checkName@16 (line 1157)
                      ; - java.lang.ClassLoader::findLoadedClass@1 (line 1298)
                      ; - org.eclipse.osgi.internal.loader.ModuleClassLoader::defineClass@17 (line 313)
                      ; - org.eclipse.osgi.internal.loader.classpath.ClasspathManager::defineClass@424 (line 779)
  0x000001ba32a7657c: 0082 15ff 

  0x000001ba32a76580: ;   {other}
  0x000001ba32a76580: 0f1f 8400 | f022 0020 | 488b d541 | b82f 0000 | 0045 33c9 | 8bf8 488b | 6c24 284c | 8b94 2480 
  0x000001ba32a765a0: 0000 004c | 8954 2420 

  0x000001ba32a765a8: ;   {static_call}
  0x000001ba32a765a8: c5f8 77e8 

  0x000001ba32a765ac: ; ImmutableOopMap {rbp=Oop [32]=Oop [40]=Oop [48]=Oop [96]=Oop [104]=Oop [112]=Oop [120]=Oop [128]=Oop [136]=NarrowOop [144]=Oop [152]=Oop [160]=Oop }
                      ;*invokestatic indexOf {reexecute=0 rethrow=0 return_oop=0}
                      ; - java.lang.String::indexOf@33 (line 2462)
                      ; - java.lang.String::indexOf@3 (line 2405)
                      ; - java.lang.ClassLoader::checkName@16 (line 1157)
                      ; - java.lang.ClassLoader::findLoadedClass@1 (line 1298)
                      ; - org.eclipse.osgi.internal.loader.ModuleClassLoader::defineClass@17 (line 313)
                      ; - org.eclipse.osgi.internal.loader.classpath.ClasspathManager::defineClass@424 (line 779)
  0x000001ba32a765ac: d087 15ff 

  0x000001ba32a765b0: ;   {other}
  0x000001ba32a765b0: 0f1f 8400 | 2023 0021 | 8944 2420 | 488b b424 | 8000 0000 | 4c8b 8424 | a000 0000 | e9e0 f0ff 
  0x000001ba32a765d0: ff48 8b5c | 2430 448b | 4424 2444 | 8b5c 2438 | 488b 7424 | 4048 8b4c | 2448 448b | 5424 3c8b 
  0x000001ba32a765f0: 7c24 588b | 4424 5ce9 | 25e9 ffff | 488b 5c24 | 30c6 4311 | 0133 c04c | 8b4c 2428 | 448b 4424 
  0x000001ba32a76610: 2444 8b5c | 2438 488b | 7424 4048 | 8b4c 2448 | 448b 5424 | 3c4d 8be9 | e92c e6ff | ff48 8b5c 
  0x000001ba32a76630: 2430 c643 | 1101 33c0 | 448b 4424 | 2444 8b5c | 2438 488b | 7424 4048 | 8b4c 2448 | 448b 5424 
  0x000001ba32a76650: 3c44 8b4c | 2458 e987 | e8ff ff89 | 7c24 2048 

  0x000001ba32a76660: ;   {metadata('org/eclipse/osgi/internal/loader/ModuleClassLoader$DefineClassResult')}
  0x000001ba32a76660: 8bee 48ba | 0060 113c | ba01 0000 

  0x000001ba32a7666c: ;   {runtime_call _new_instance_Java}
  0x000001ba32a7666c: c5f8 77e8 

  0x000001ba32a76670: ; ImmutableOopMap {rbp=Oop [40]=Oop [96]=Oop [104]=Oop [112]=Oop [120]=Oop [128]=Oop [144]=Oop [152]=Oop }
                      ;*new {reexecute=0 rethrow=0 return_oop=1}
                      ; - org.eclipse.osgi.internal.loader.ModuleClassLoader::defineClass@55 (line 319)
                      ; - org.eclipse.osgi.internal.loader.classpath.ClasspathManager::defineClass@424 (line 779)
  0x000001ba32a76670: 0cfc 20ff 

  0x000001ba32a76674: ;   {other}
  0x000001ba32a76674: 0f1f 8400 | e423 0022 | 488b f58b | 7c24 2048 | 8bd8 e9c7 | f1ff ff4c | 896c 2430 | 448b 5c24 
  0x000001ba32a76694: 2044 895c | 2428 4489 | 4c24 2489 | 7c24 208b 

  0x000001ba32a766a4: ;   {metadata('java/lang/String')}
  0x000001ba32a766a4: e948 ba40 | e700 3bba | 0100 0090 

  0x000001ba32a766b0: ;   {runtime_call _new_instance_Java}
  0x000001ba32a766b0: c5f8 77e8 

  0x000001ba32a766b4: ; ImmutableOopMap {rbp=NarrowOop [48]=Oop [80]=Oop [96]=Oop [104]=Oop [112]=Oop [120]=Oop [128]=Oop }
                      ;*new {reexecute=0 rethrow=0 return_oop=1}
                      ; - java.lang.StringLatin1::newString@7 (line 752)
                      ; - java.lang.String::substring@41 (line 2839)
                      ; - org.eclipse.osgi.internal.loader.classpath.ClasspathManager::definePackage@15 (line 824)
                      ; - org.eclipse.osgi.internal.loader.classpath.ClasspathManager::defineClass@9 (line 733)
  0x000001ba32a766b4: c8fb 20ff 

  0x000001ba32a766b8: ;   {other}
  0x000001ba32a766b8: 0f1f 8400 | 2824 0023 | 8bcd 8b7c | 2420 448b | 4c24 2444 | 8b54 2428 | 4489 5424 | 2048 8bd8 
  0x000001ba32a766d8: 4c8b 6c24 | 30e9 37e3 | ffff 4889 | b424 9800 | 0000 4d8b | 97b8 0100 | 0049 8bd2 | 4883 c220 
  0x000001ba32a766f8: 493b 97c8 | 0100 000f | 838f 1500 | 0049 8997 | b801 0000 | 0f18 8200 | 0100 0049 | c702 0100 
  0x000001ba32a76718: ;   {metadata('java/lang/ThreadLocal$ThreadLocalMap$Entry')}
  0x000001ba32a76718: 0000 41c7 | 4208 305e | 2200 4589 | 620c 4d89 | 6210 4d89 | 6218 488b | d141 8952 

  0x000001ba32a76734: ;   {oop(a 'java/lang/ref/ReferenceQueue$Null'{0x00000000e0752380})}
  0x000001ba32a76734: 0c41 c742 | 1080 2375 | e049 8bca | 48c1 e909 | 48ba 0000 | 1339 ba01 | 0000 4488 | 240a f083 
  0x000001ba32a76754: 4424 c000 | 4189 6a1c | 498b ca48 | c1e9 0944 | 8824 0a45 | 3bc1 0f83 | dc16 0000 | 4889 5c24 
  0x000001ba32a76774: 408b 6c24 | 204c 8b4c | 2450 4c89 | 4c24 304c | 8b8c 2480 | 0000 004c | 894c 2428 | 4e8d 4c87 
  0x000001ba32a76794: 1045 8911 | 4d8b d149 | c1ea 0949 | b900 0013 | 39ba 0100 | 0047 8824 | 1145 8b4b | 0c45 8d51 
  0x000001ba32a767b4: 0145 8953 | 0c44 8954 | 2424 4489 | 5c24 2048 | 8bd3 458b | ca66 6690 

  0x000001ba32a767cc: ;   {optimized virtual_call}
  0x000001ba32a767cc: c5f8 77e8 

  0x000001ba32a767d0: ; ImmutableOopMap {[32]=NarrowOop [40]=Oop [48]=Oop [64]=Oop [96]=Oop [104]=Oop [112]=Oop [120]=Oop [128]=Oop [144]=Oop }
                      ;*invokevirtual cleanSomeSlots {reexecute=0 rethrow=0 return_oop=0}
                      ; - java.lang.ThreadLocal$ThreadLocalMap::set@113 (line 565)
                      ; - java.lang.ThreadLocal::set@13 (line 265)
                      ; - java.lang.ThreadLocal::set@5 (line 251)
                      ; - org.eclipse.osgi.internal.loader.classpath.ClasspathManager::defineClass@44 (line 737)
  0x000001ba32a767d0: ac7f 15ff 

  0x000001ba32a767d4: ;   {other}
  0x000001ba32a767d4: 0f1f 8400 | 4425 0024 | 85c0 7517 | 448b 5c24 | 2045 8b5b | 1044 8b54 | 2424 453b | d30f 8dd1 
  0x000001ba32a767f4: 0200 004c | 8b54 2430 | 4c89 5424 | 5089 6c24 | 20e9 4eea | ffff 4c89 | 4424 484c | 895c 2440 
  0x000001ba32a76814: 4c89 5424 | 3848 895c | 2430 4c89 | 6c24 2844 | 8b54 2420 | 4489 5424 | 2444 894c 

  0x000001ba32a76830: ;   {metadata({type array byte})}
  0x000001ba32a76830: 2420 48ba | 6822 003b | ba01 0000 | 458b c190 

  0x000001ba32a76840: ;   {runtime_call _new_array_nozero_Java}
  0x000001ba32a76840: c5f8 77e8 

  0x000001ba32a76844: ; ImmutableOopMap {[40]=Oop [48]=Oop [80]=Oop [96]=Oop [104]=Oop [112]=Oop [120]=Oop [128]=Oop [160]=Oop [56]=Derived_oop_[160] }
                      ;*newarray {reexecute=0 rethrow=0 return_oop=1}
                      ; - java.util.Arrays::copyOfRangeByte@10 (line 3863)
                      ; - java.util.Arrays::copyOfRange@13 (line 3854)
                      ; - java.lang.StringLatin1::newString@16 (line 752)
                      ; - java.lang.String::substring@41 (line 2839)
                      ; - org.eclipse.osgi.internal.loader.classpath.ClasspathManager::definePackage@15 (line 824)
                      ; - org.eclipse.osgi.internal.loader.classpath.ClasspathManager::defineClass@9 (line 733)
  0x000001ba32a76844: 3800 21ff 

  0x000001ba32a76848: ;   {other}
  0x000001ba32a76848: 0f1f 8400 | b825 0025 | 448b 4c24 | 2044 8b5c | 2424 4489 | 5c24 2048 | 8b5c 2430 | 4c8b 5424 
  0x000001ba32a76868: 384c 8b5c | 2440 4c8b | 4424 4848 | 8bf0 4c8b | 6c24 28e9 | cbe2 ffff | 448b 520c | 4585 d20f 
  0x000001ba32a76888: 8447 1600 | 0041 ffc0 | 453b c10f | 8d0b 0100 | 0045 3bc1 | 0f83 e215 | 0000 468b | 5487 104d 
  0x000001ba32a768a8: 8baf 5004 

  0x000001ba32a768ac: ; ImmutableOopMap {r10=NarrowOop r11=NarrowOop rcx=Oop rbx=Oop rdi=NarrowOop rbp=NarrowOop [80]=Oop [96]=Oop [104]=Oop [112]=Oop [120]=Oop [128]=Oop [144]=Oop [152]=Oop }
                      ;*goto {reexecute=1 rethrow=0 return_oop=0}
                      ; - (reexecute) java.lang.ThreadLocal$ThreadLocalMap::set@79 (line 551)
                      ; - java.lang.ThreadLocal::set@13 (line 265)
                      ; - java.lang.ThreadLocal::set@5 (line 251)
                      ; - org.eclipse.osgi.internal.loader.classpath.ClasspathManager::defineClass@44 (line 737)
                      ;   {poll}
  0x000001ba32a768ac: 0000 4185 | 4500 4585 | d20f 842f | feff ff49 | 8bd2 e989 | fbff ff4c | 8944 2438 | 4c89 5424 
  0x000001ba32a768cc: 3048 899c | 2488 0000 | 004c 896c | 2428 8b6c | 2420 894c | 2458 4c8b | 9c24 8000 | 0000 4c89 
  0x000001ba32a768ec: ;   {metadata({type array byte})}
  0x000001ba32a768ec: 5c24 2048 | ba68 2200 | 3bba 0100 | 0044 8bc7 

  0x000001ba32a768fc: ;   {runtime_call _new_array_nozero_Java}
  0x000001ba32a768fc: c5f8 77e8 

  0x000001ba32a76900: ; ImmutableOopMap {[32]=Oop [40]=Oop [80]=Oop [88]=NarrowOop [96]=Oop [104]=Oop [112]=Oop [120]=Oop [136]=Oop [160]=Oop [48]=Derived_oop_[160] }
                      ;*invokevirtual clone {reexecute=1 rethrow=0 return_oop=1}
                      ; - (reexecute) java.util.Arrays::copyOfRange@18 (line 3856)
                      ; - java.lang.StringLatin1::newString@16 (line 752)
                      ; - java.lang.String::substring@41 (line 2839)
                      ; - org.eclipse.osgi.internal.loader.classpath.ClasspathManager::definePackage@15 (line 824)
                      ; - org.eclipse.osgi.internal.loader.classpath.ClasspathManager::defineClass@9 (line 733)
  0x000001ba32a76900: 7cff 20ff 

  0x000001ba32a76904: ;   {other}
  0x000001ba32a76904: 0f1f 8400 | 7426 0027 | 4c8b 5424 | 204c 8994 | 2480 0000 | 0089 6c24 | 2048 8b9c | 2488 0000 
  0x000001ba32a76924: 004c 8b54 | 2430 4c8b | 4424 3848 | 8bf0 4c8b | 6c24 28e9 | 56e1 ffff | 895c 2430 | 4489 5424 
  0x000001ba32a76944: 244c 8974 | 2428 4c89 

  0x000001ba32a7694c: ;   {metadata('java/lang/Object'[])}
  0x000001ba32a7694c: 5c24 5848 | ba40 1200 | 3bba 0100 | 0066 6690 

  0x000001ba32a7695c: ;   {runtime_call _new_array_Java}
  0x000001ba32a7695c: c5f8 77e8 

  0x000001ba32a76960: ; ImmutableOopMap {[40]=Oop [80]=Oop [88]=Oop [96]=Oop [104]=Oop [112]=Oop [120]=Oop [144]=Oop [152]=Oop }
                      ;*anewarray {reexecute=0 rethrow=0 return_oop=1}
                      ; - java.util.ArrayList::grow@52 (line 239)
                      ; - java.util.ArrayList::grow@7 (line 244)
                      ; - java.util.ArrayList::add@7 (line 483)
                      ; - java.util.ArrayList::add@20 (line 496)
                      ; - org.eclipse.osgi.internal.loader.classpath.ClasspathManager::defineClass@411 (line 777)
  0x000001ba32a76960: 1cfc 20ff 

  0x000001ba32a76964: ;   {other}
  0x000001ba32a76964: 0f1f 8400 | d426 0028 | 4c8b 5c24 | 584c 8b74 | 2428 448b | 5424 248b | 5c24 304c | 8bc8 e910 
  0x000001ba32a76984: f5ff ffba | 45ff ffff | 4c89 5c24 | 2066 6690 

  0x000001ba32a76994: ;   {runtime_call UncommonTrapBlob}
  0x000001ba32a76994: c5f8 77e8 

  0x000001ba32a76998: ; ImmutableOopMap {[32]=Oop [80]=Oop [96]=Oop [104]=Oop [112]=Oop [152]=Oop }
                      ;*ifeq {reexecute=1 rethrow=0 return_oop=0}
                      ; - (reexecute) org.eclipse.osgi.internal.loader.classpath.ClasspathManager::defineClass@324 (line 773)
  0x000001ba32a76998: 64d0 15ff 

  0x000001ba32a7699c: ;   {other}
  0x000001ba32a7699c: 0f1f 8400 | 0c27 0029 | 4533 c0e9 | edfe ffff | ba45 ffff | ff48 8b4c | 2450 488b | e948 8b4c 
  0x000001ba32a769bc: 2460 4889 | 4c24 2848 | 8b4c 2468 | 4889 4c24 | 304c 895c | 2450 4489 | 5424 5844 | 894c 245c 
  0x000001ba32a769dc: 4489 4424 | 6044 896c | 2464 895c | 2468 6690 

  0x000001ba32a769ec: ;   {runtime_call UncommonTrapBlob}
  0x000001ba32a769ec: c5f8 77e8 

  0x000001ba32a769f0: ; ImmutableOopMap {rbp=Oop [40]=Oop [48]=Oop [80]=Oop [92]=NarrowOop [112]=Oop [144]=Oop [152]=Oop }
                      ;*if_icmpne {reexecute=1 rethrow=0 return_oop=0}
                      ; - (reexecute) java.lang.String::equals@33 (line 1861)
                      ; - java.util.ArrayList::indexOfRange@54 (line 299)
                      ; - java.util.ArrayList::indexOf@7 (line 286)
                      ; - java.util.ArrayList::contains@2 (line 275)
                      ; - org.eclipse.osgi.internal.loader.classpath.ClasspathManager::defineClass@319 (line 773)
  0x000001ba32a769f0: 0cd0 15ff 

  0x000001ba32a769f4: ;   {other}
  0x000001ba32a769f4: 0f1f 8400 | 6427 002a | ba45 ffff | ff4c 8b44 | 2428 498b | e84c 8b84 | 2480 0000 | 004c 8944 
  0x000001ba32a76a14: 2420 4c8b | 4424 604c | 8944 2428 | 4c8b 4424 | 684c 8944 | 2430 4c8b | 4424 704c | 8944 2438 
  0x000001ba32a76a34: 4c8b 4424 | 504c 8944 | 2448 4489 | 6c24 5844 | 8954 245c | 4489 5c24 | 6089 5c24 | 6466 6690 
  0x000001ba32a76a54: ;   {runtime_call UncommonTrapBlob}
  0x000001ba32a76a54: c5f8 77e8 

  0x000001ba32a76a58: ; ImmutableOopMap {rbp=Oop [32]=Oop [40]=Oop [48]=Oop [56]=Oop [72]=Oop [120]=Oop [136]=NarrowOop [152]=Oop }
                      ;*if_icmpne {reexecute=1 rethrow=0 return_oop=0}
                      ; - (reexecute) java.lang.String::equals@33 (line 1861)
                      ; - java.util.ArrayList::remove@50 (line 706)
                      ; - org.eclipse.osgi.internal.loader.classpath.ClasspathManager::defineClass@455 (line 781)
  0x000001ba32a76a58: a4cf 15ff 

  0x000001ba32a76a5c: ;   {other}
  0x000001ba32a76a5c: 0f1f 8400 | cc27 002b | bade ffff | ff48 8b6c | 2450 4c8b | 5424 604c | 8954 2428 | 4c8b 9424 
  0x000001ba32a76a7c: 9800 0000 | 4c89 5424 | 4048 8944 | 2450 6690 

  0x000001ba32a76a8c: ;   {runtime_call UncommonTrapBlob}
  0x000001ba32a76a8c: c5f8 77e8 

  0x000001ba32a76a90: ; ImmutableOopMap {rbp=Oop [40]=Oop [64]=Oop [80]=Oop [104]=Oop [112]=Oop [128]=Oop [144]=Oop [160]=Oop }
                      ;*checkcast {reexecute=0 rethrow=0 return_oop=0}
                      ; - org.eclipse.osgi.internal.loader.classpath.ClasspathManager::defineClass@275 (line 764)
  0x000001ba32a76a90: 6ccf 15ff 

  0x000001ba32a76a94: ;   {other}
  0x000001ba32a76a94: 0f1f 8400 | 0428 002c | bade ffff | ff48 8b6c | 2428 4c8b | 5424 604c | 8954 2428 | 4889 4424 
  0x000001ba32a76ab4: 5066 6690 

  0x000001ba32a76ab8: ;   {runtime_call UncommonTrapBlob}
  0x000001ba32a76ab8: c5f8 77e8 

  0x000001ba32a76abc: ; ImmutableOopMap {rbp=Oop [40]=Oop [64]=Oop [72]=Oop [80]=Oop [88]=Oop [104]=Oop [112]=Oop [128]=Oop [152]=Oop }
                      ;*checkcast {reexecute=0 rethrow=0 return_oop=0}
                      ; - org.eclipse.osgi.internal.loader.classpath.ClasspathManager::defineClass@593 (line 788)
  0x000001ba32a76abc: 40cf 15ff 

  0x000001ba32a76ac0: ;   {other}
  0x000001ba32a76ac0: 0f1f 8400 | 3028 002d | 488b 5424 | 4066 6690 

  0x000001ba32a76ad0: ;   {optimized virtual_call}
  0x000001ba32a76ad0: c5f8 77e8 

  0x000001ba32a76ad4: ; ImmutableOopMap {[40]=Oop [48]=Oop [96]=Oop [104]=Oop [112]=Oop [120]=Oop [128]=Oop [144]=Oop }
                      ;*invokevirtual rehash {reexecute=0 rethrow=0 return_oop=0}
                      ; - java.lang.ThreadLocal$ThreadLocalMap::set@129 (line 566)
                      ; - java.lang.ThreadLocal::set@13 (line 265)
                      ; - java.lang.ThreadLocal::set@5 (line 251)
                      ; - org.eclipse.osgi.internal.loader.classpath.ClasspathManager::defineClass@44 (line 737)
  0x000001ba32a76ad4: a87c 15ff 

  0x000001ba32a76ad8: ;   {other}
  0x000001ba32a76ad8: 0f1f 8400 | 4828 002e | e912 fdff | ffba 45ff | ffff 488b | 6c24 504c | 8b54 2460 | 4c89 5424 
  0x000001ba32a76af8: 284c 8b94 | 2498 0000 | 004c 8954 | 2440 8944 | 2450 6690 

  0x000001ba32a76b0c: ;   {runtime_call UncommonTrapBlob}
  0x000001ba32a76b0c: c5f8 77e8 

  0x000001ba32a76b10: ; ImmutableOopMap {rbp=Oop [40]=Oop [64]=Oop [104]=Oop [112]=Oop [128]=Oop [144]=Oop [160]=Oop }
                      ;*ifeq {reexecute=1 rethrow=0 return_oop=0}
                      ; - (reexecute) org.eclipse.osgi.internal.loader.classpath.ClasspathManager::defineClass@285 (line 765)
  0x000001ba32a76b10: ecce 15ff 

  0x000001ba32a76b14: ;   {other}
  0x000001ba32a76b14: 0f1f 8400 | 8428 002f | baf6 ffff | ff49 8bea | 4c8b 5424 | 604c 8954 | 2428 4c8b | 5424 684c 
  0x000001ba32a76b34: 8954 2430 | 4489 4424 | 6066 6690 

  0x000001ba32a76b40: ;   {runtime_call UncommonTrapBlob}
  0x000001ba32a76b40: c5f8 77e8 

  0x000001ba32a76b44: ; ImmutableOopMap {rbp=Oop [40]=Oop [48]=Oop [96]=NarrowOop [112]=Oop [120]=Oop [128]=Oop [136]=Oop }
                      ;*monitorenter {reexecute=0 rethrow=0 return_oop=0}
                      ; - org.eclipse.osgi.internal.loader.ModuleClassLoader::publicGetPackage@6 (line 329)
                      ; - org.eclipse.osgi.internal.loader.classpath.ClasspathManager::definePackage@26 (line 825)
                      ; - org.eclipse.osgi.internal.loader.classpath.ClasspathManager::defineClass@9 (line 733)
  0x000001ba32a76b44: b8ce 15ff 

  0x000001ba32a76b48: ;   {other}
  0x000001ba32a76b48: 0f1f 8400 | b828 0030 | baf6 ffff | ff48 8b6c | 2450 4c8b | 5424 604c | 8954 2428 | 4c8b 5424 
  0x000001ba32a76b68: 684c 8954 | 2430 4489 | 5c24 6490 

  0x000001ba32a76b74: ;   {runtime_call UncommonTrapBlob}
  0x000001ba32a76b74: c5f8 77e8 

  0x000001ba32a76b78: ; ImmutableOopMap {rbp=Oop [40]=Oop [48]=Oop [100]=NarrowOop [112]=Oop [120]=Oop [128]=Oop [136]=Oop }
                      ;*invokevirtual get {reexecute=0 rethrow=0 return_oop=0}
                      ; - java.lang.ClassLoader::getDefinedPackage@13 (line 2263)
                      ; - java.lang.ClassLoader::getPackage@2 (line 2333)
                      ; - org.eclipse.osgi.internal.loader.ModuleClassLoader::publicGetPackage@9 (line 330)
                      ; - org.eclipse.osgi.internal.loader.classpath.ClasspathManager::definePackage@26 (line 825)
                      ; - org.eclipse.osgi.internal.loader.classpath.ClasspathManager::defineClass@9 (line 733)
  0x000001ba32a76b78: 84ce 15ff 

  0x000001ba32a76b7c: ;   {other}
  0x000001ba32a76b7c: 0f1f 8400 | ec28 0031 | bae4 ffff | ff48 8b6c | 2450 4c8b | 4424 604c | 8944 2428 | 4c8b 4424 
  0x000001ba32a76b9c: 684c 8944 | 2430 4489 | 5424 544c | 895c 2458 | 4c89 7424 | 604c 894c | 2468 6690 

  0x000001ba32a76bb8: ;   {runtime_call UncommonTrapBlob}
  0x000001ba32a76bb8: c5f8 77e8 

  0x000001ba32a76bbc: ; ImmutableOopMap {rbp=Oop [40]=Oop [48]=Oop [88]=Oop [96]=Oop [104]=Oop [112]=Oop [144]=Oop [152]=Oop }
                      ;*aastore {reexecute=1 rethrow=0 return_oop=0}
                      ; - (reexecute) java.util.ArrayList::add@14 (line 484)
                      ; - java.util.ArrayList::add@20 (line 496)
                      ; - org.eclipse.osgi.internal.loader.classpath.ClasspathManager::defineClass@411 (line 777)
  0x000001ba32a76bbc: 40ce 15ff 

  0x000001ba32a76bc0: ;   {other}
  0x000001ba32a76bc0: 0f1f 8400 | 3029 0032 | baf6 ffff | ff48 8b6c | 2450 4c8b | 4424 684c | 8944 2430 | 4c8b 4424 
  0x000001ba32a76be0: 704c 8944 | 2438 4c89 | 5c24 504c | 8b44 2460 | 4c89 4424 | 584c 895c | 2468 4489 | 5424 7090 
  0x000001ba32a76c00: ;   {runtime_call UncommonTrapBlob}
  0x000001ba32a76c00: c5f8 77e8 

  0x000001ba32a76c04: ; ImmutableOopMap {rbp=Oop [48]=Oop [56]=Oop [80]=Oop [88]=Oop [104]=Oop [112]=NarrowOop [144]=Oop [152]=Oop }
                      ;*invokevirtual getLock {reexecute=0 rethrow=0 return_oop=0}
                      ; - org.eclipse.osgi.internal.loader.ModuleClassLoader::getClassLoadingLock@5 (line 437)
                      ; - org.eclipse.osgi.internal.loader.ModuleClassLoader::defineClass@8 (line 312)
                      ; - org.eclipse.osgi.internal.loader.classpath.ClasspathManager::defineClass@424 (line 779)
  0x000001ba32a76c04: f8cd 15ff 

  0x000001ba32a76c08: ;   {other}
  0x000001ba32a76c08: 0f1f 8400 | 7829 0033 | baf6 ffff | ff48 8b6c | 2450 4c8b | 9424 8000 | 0000 4c89 | 5424 204c 
  0x000001ba32a76c28: 8b54 2468 | 4c89 5424 | 304c 8b54 | 2460 4c89 | 5424 5890 

  0x000001ba32a76c3c: ;   {runtime_call UncommonTrapBlob}
  0x000001ba32a76c3c: c5f8 77e8 

  0x000001ba32a76c40: ; ImmutableOopMap {rbp=Oop [32]=Oop [48]=Oop [88]=Oop [112]=Oop [136]=NarrowOop [144]=Oop [152]=Oop }
                      ;*monitorenter {reexecute=0 rethrow=0 return_oop=0}
                      ; - org.eclipse.osgi.internal.loader.ModuleClassLoader::defineClass@14 (line 312)
                      ; - org.eclipse.osgi.internal.loader.classpath.ClasspathManager::defineClass@424 (line 779)
  0x000001ba32a76c40: bccd 15ff 

  0x000001ba32a76c44: ;   {other}
  0x000001ba32a76c44: 0f1f 8400 | b429 0034 | ba76 ffff | ff48 8b6c | 2428 4c8b | 9424 8000 | 0000 4c89 | 5424 204c 
  0x000001ba32a76c64: 8b54 2460 | 4c89 5424 | 284c 8b54 | 2468 4c89 | 5424 3048 | 895c 2448 | 4489 6c24 | 5c48 894c 
  0x000001ba32a76c84: 2460 4489 | 4c24 6890 

  0x000001ba32a76c8c: ;   {runtime_call UncommonTrapBlob}
  0x000001ba32a76c8c: c5f8 77e8 

  0x000001ba32a76c90: ; ImmutableOopMap {rbp=Oop [32]=Oop [40]=Oop [48]=Oop [72]=Oop [96]=Oop [104]=NarrowOop [112]=Oop [152]=Oop }
                      ;*if_icmpge {reexecute=1 rethrow=0 return_oop=0}
                      ; - (reexecute) java.util.ArrayList::remove@42 (line 705)
                      ; - org.eclipse.osgi.internal.loader.classpath.ClasspathManager::defineClass@455 (line 781)
  0x000001ba32a76c90: 6ccd 15ff 

  0x000001ba32a76c94: ;   {other}
  0x000001ba32a76c94: 0f1f 8400 | 042a 0035 | bae4 ffff | ff48 8b6c | 2428 4c8b | 5424 504c | 8954 2448 | 895c 2454 
  0x000001ba32a76cb4: ;   {runtime_call UncommonTrapBlob}
  0x000001ba32a76cb4: c5f8 77e8 

  0x000001ba32a76cb8: ; ImmutableOopMap {rbp=Oop [72]=Oop [96]=Oop [104]=Oop [112]=Oop [128]=Oop [136]=NarrowOop [152]=Oop }
                      ;*aastore {reexecute=1 rethrow=0 return_oop=0}
                      ; - (reexecute) java.util.ArrayList::fastRemove@42 (line 724)
                      ; - java.util.ArrayList::remove@71 (line 711)
                      ; - org.eclipse.osgi.internal.loader.classpath.ClasspathManager::defineClass@455 (line 781)
  0x000001ba32a76cb8: 44cd 15ff 

  0x000001ba32a76cbc: ;   {other}
  0x000001ba32a76cbc: 0f1f 8400 | 2c2a 0036 | ba76 ffff | ff48 8b6c | 2450 4c8b | 9424 8000 | 0000 4c89 | 5424 204c 
  0x000001ba32a76cdc: 8b54 2460 | 4c89 5424 | 284c 8b54 | 2468 4c89 | 5424 3089 | 4c24 5844 | 894c 2460 

  0x000001ba32a76cf8: ;   {runtime_call UncommonTrapBlob}
  0x000001ba32a76cf8: c5f8 77e8 

  0x000001ba32a76cfc: ; ImmutableOopMap {rbp=Oop [32]=Oop [40]=Oop [48]=Oop [88]=NarrowOop [112]=Oop [120]=Oop }
                      ;*iflt {reexecute=1 rethrow=0 return_oop=0}
                      ; - (reexecute) java.lang.StringLatin1::lastIndexOf@19 (line 285)
                      ; - java.lang.String::lastIndexOf@13 (line 2573)
                      ; - java.lang.String::lastIndexOf@8 (line 2535)
                      ; - org.eclipse.osgi.internal.loader.classpath.ClasspathManager::definePackage@3 (line 820)
                      ; - org.eclipse.osgi.internal.loader.classpath.ClasspathManager::defineClass@9 (line 733)
  0x000001ba32a76cfc: 00cd 15ff 

  0x000001ba32a76d00: ;   {other}
  0x000001ba32a76d00: 0f1f 8400 | 702a 0037 | 4889 4c24 | 4848 8974 | 2440 4489 | 5c24 3844 | 8944 242c | 4c89 6c24 
  0x000001ba32a76d20: 3044 8b54 | 2420 4489 | 5424 284c | 8b54 2450 | 4c89 5424 | 2048 8bac | 2480 0000 | 0048 8bd1 
  0x000001ba32a76d40: 4c8d 8424 | d000 0000 

  0x000001ba32a76d48: ;   {runtime_call _complete_monitor_locking_Java}
  0x000001ba32a76d48: c5f8 77e8 

  0x000001ba32a76d4c: ; ImmutableOopMap {rbp=Oop [32]=Oop [44]=NarrowOop [48]=Oop [56]=NarrowOop [64]=Oop [72]=Oop [96]=Oop [104]=Oop [112]=Oop [120]=Oop [136]=Oop }
                      ;*monitorenter {reexecute=0 rethrow=0 return_oop=0}
                      ; - org.eclipse.osgi.internal.loader.ModuleClassLoader::publicGetPackage@6 (line 329)
                      ; - org.eclipse.osgi.internal.loader.classpath.ClasspathManager::definePackage@26 (line 825)
                      ; - org.eclipse.osgi.internal.loader.classpath.ClasspathManager::defineClass@9 (line 733)
  0x000001ba32a76d4c: 3019 21ff 

  0x000001ba32a76d50: ;   {other}
  0x000001ba32a76d50: 0f1f 8400 | c02a 0038 | 4889 ac24 | 8000 0000 | 4c8b 5424 | 204c 8954 | 2450 448b | 5c24 2844 
  0x000001ba32a76d70: 895c 2420 | 448b 4424 | 2c44 8b5c | 2438 488b | 7424 4048 | 8b4c 2448 | 4c8b 6c24 | 30e9 a7de 
  0x000001ba32a76d90: ffff 488d | 9424 d000 | 0000 4d8b | c7c5 f877 | 49ba 702f | 1115 fc7f | 0000 41ff 

  0x000001ba32a76dac: ;   {other}
  0x000001ba32a76dac: d20f 1f84 | 0000 0000 | 00e9 d9e3 | ffff bade | ffff ff44 | 8954 2448 

  0x000001ba32a76dc4: ;   {runtime_call UncommonTrapBlob}
  0x000001ba32a76dc4: c5f8 77e8 

  0x000001ba32a76dc8: ; ImmutableOopMap {[72]=NarrowOop [80]=Oop [96]=Oop [104]=Oop [112]=Oop [120]=Oop [128]=Oop }
                      ;*invokevirtual get {reexecute=0 rethrow=0 return_oop=0}
                      ; - org.eclipse.osgi.internal.loader.classpath.ClasspathManager::defineClass@16 (line 734)
  0x000001ba32a76dc8: 34cc 15ff 

  0x000001ba32a76dcc: ;   {other}
  0x000001ba32a76dcc: 0f1f 8400 | 3c2b 0039 | bade ffff | ff48 8b6c | 2450 4c89 | 5c24 5090 

  0x000001ba32a76de4: ;   {runtime_call UncommonTrapBlob}
  0x000001ba32a76de4: c5f8 77e8 

  0x000001ba32a76de8: ; ImmutableOopMap {rbp=Oop [80]=Oop [96]=Oop [104]=Oop [112]=Oop [120]=Oop [128]=Oop [144]=Oop }
                      ;*invokeinterface iterator {reexecute=0 rethrow=0 return_oop=0}
                      ; - org.eclipse.osgi.internal.loader.classpath.ClasspathManager::defineClass@258 (line 764)
  0x000001ba32a76de8: 14cc 15ff 

  0x000001ba32a76dec: ;   {other}
  0x000001ba32a76dec: 0f1f 8400 | 5c2b 003a | bade ffff | ff4c 8b54 | 2450 4c89 | 5424 2090 

  0x000001ba32a76e04: ;   {runtime_call UncommonTrapBlob}
  0x000001ba32a76e04: c5f8 77e8 

  0x000001ba32a76e08: ; ImmutableOopMap {rbp=NarrowOop [32]=Oop [96]=Oop [104]=Oop [112]=Oop [128]=Oop [144]=Oop [152]=Oop }
                      ;*invokeinterface contains {reexecute=0 rethrow=0 return_oop=0}
                      ; - org.eclipse.osgi.internal.loader.classpath.ClasspathManager::defineClass@319 (line 773)
  0x000001ba32a76e08: f4cb 15ff 

  0x000001ba32a76e0c: ;   {other}
  0x000001ba32a76e0c: 0f1f 8400 | 7c2b 003b | bad6 ffff | ff48 8b6c | 2450 4c8b | 4424 604c | 8944 2428 | 4c8b 4424 
  0x000001ba32a76e2c: 684c 8944 | 2430 4489 | 5424 544c | 895c 2458 | 4c89 7424 | 604c 894c | 2468 6690 

  0x000001ba32a76e48: ;   {runtime_call UncommonTrapBlob}
  0x000001ba32a76e48: c5f8 77e8 

  0x000001ba32a76e4c: ; ImmutableOopMap {rbp=Oop [40]=Oop [48]=Oop [88]=Oop [96]=Oop [104]=Oop [112]=Oop [144]=Oop [152]=Oop }
                      ;*aastore {reexecute=1 rethrow=0 return_oop=0}
                      ; - (reexecute) java.util.ArrayList::add@14 (line 484)
                      ; - java.util.ArrayList::add@20 (line 496)
                      ; - org.eclipse.osgi.internal.loader.classpath.ClasspathManager::defineClass@411 (line 777)
  0x000001ba32a76e4c: b0cb 15ff 

  0x000001ba32a76e50: ;   {other}
  0x000001ba32a76e50: 0f1f 8400 | c02b 003c | 498b e849 | 8bd0 4c8d | 8424 d000 | 0000 6690 

  0x000001ba32a76e68: ;   {runtime_call _complete_monitor_locking_Java}
  0x000001ba32a76e68: c5f8 77e8 

  0x000001ba32a76e6c: ; ImmutableOopMap {rbp=Oop [40]=Oop [48]=Oop [96]=Oop [104]=Oop [112]=Oop [120]=Oop [128]=Oop [136]=NarrowOop [144]=Oop [152]=Oop }
                      ;*monitorenter {reexecute=0 rethrow=0 return_oop=0}
                      ; - org.eclipse.osgi.internal.loader.ModuleClassLoader::defineClass@14 (line 312)
                      ; - org.eclipse.osgi.internal.loader.classpath.ClasspathManager::defineClass@424 (line 779)
  0x000001ba32a76e6c: 1018 21ff 

  0x000001ba32a76e70: ;   {other}
  0x000001ba32a76e70: 0f1f 8400 | e02b 003d | 4c8b c5e9 | 27e7 ffff | ba45 ffff | ff48 8b6c | 2428 4c8b | 5424 684c 
  0x000001ba32a76e90: 8954 2430 | 4c8b 5424 | 704c 8954 | 2438 4889 | 7424 504c | 8b54 2460 | 4c89 5424 | 5848 8974 
  0x000001ba32a76eb0: 2468 448b | 9c24 8800 | 0000 4c89 | 8424 8000 | 0000 458b | d344 8954 | 2474 6690 

  0x000001ba32a76ecc: ;   {runtime_call UncommonTrapBlob}
  0x000001ba32a76ecc: c5f8 77e8 

  0x000001ba32a76ed0: ; ImmutableOopMap {rbp=Oop [48]=Oop [56]=Oop [80]=Oop [88]=Oop [104]=Oop [116]=NarrowOop [128]=Oop [136]=NarrowOop [144]=Oop [152]=Oop }
                      ;*ifeq {reexecute=1 rethrow=0 return_oop=0}
                      ; - (reexecute) java.lang.ClassLoader::checkName@8 (line 1155)
                      ; - java.lang.ClassLoader::findLoadedClass@1 (line 1298)
                      ; - org.eclipse.osgi.internal.loader.ModuleClassLoader::defineClass@17 (line 313)
                      ; - org.eclipse.osgi.internal.loader.classpath.ClasspathManager::defineClass@424 (line 779)
  0x000001ba32a76ed0: 2ccb 15ff 

  0x000001ba32a76ed4: ;   {other}
  0x000001ba32a76ed4: 0f1f 8400 | 442c 003e | 498b cb48 | 8d94 24d0 | 0000 004d | 8bc7 c5f8 | 7749 ba70 | 2f11 15fc 
  0x000001ba32a76ef4: 7f00 0041 

  0x000001ba32a76ef8: ;   {other}
  0x000001ba32a76ef8: ffd2 0f1f | 8400 0000 | 0000 e90b | e9ff ffba | deff ffff | 4c8b 5424 | 284c 8954 | 2420 4c8b 
  0x000001ba32a76f18: 9424 8000 | 0000 4c89 | 5424 2848 | 895c 2450 

  0x000001ba32a76f28: ;   {runtime_call UncommonTrapBlob}
  0x000001ba32a76f28: c5f8 77e8 

  0x000001ba32a76f2c: ; ImmutableOopMap {rbp=NarrowOop [32]=Oop [40]=Oop [80]=Oop [96]=Oop [104]=Oop [112]=Oop [152]=Oop }
                      ;*invokeinterface remove {reexecute=0 rethrow=0 return_oop=0}
                      ; - org.eclipse.osgi.internal.loader.classpath.ClasspathManager::defineClass@455 (line 781)
  0x000001ba32a76f2c: d0ca 15ff 

  0x000001ba32a76f30: ;   {other}
  0x000001ba32a76f30: 0f1f 8400 | a02c 003f | bae4 ffff | ff4c 8b5c | 2450 4c89 | 5c24 204c | 8b5c 2460 | 4c89 5c24 
  0x000001ba32a76f50: 304c 8b5c | 2468 4c89 | 5c24 384c | 8b5c 2470 | 4c89 5c24 | 404c 8944 | 2458 894c | 2460 4889 
  0x000001ba32a76f70: 5c24 6844 | 8954 2470 

  0x000001ba32a76f78: ;   {runtime_call UncommonTrapBlob}
  0x000001ba32a76f78: c5f8 77e8 

  0x000001ba32a76f7c: ; ImmutableOopMap {rbp=NarrowOop [32]=Oop [48]=Oop [56]=Oop [64]=Oop [88]=Oop [96]=NarrowOop [104]=Oop [120]=Oop [128]=Oop }
                      ;*aaload {reexecute=0 rethrow=0 return_oop=0}
                      ; - java.lang.ThreadLocal$ThreadLocalMap::getEntry@18 (line 500)
                      ; - java.lang.ThreadLocal::get@12 (line 187)
                      ; - java.lang.ThreadLocal::get@4 (line 172)
                      ; - org.eclipse.osgi.internal.loader.classpath.ClasspathManager::defineClass@16 (line 734)
  0x000001ba32a76f7c: 80ca 15ff 

  0x000001ba32a76f80: ;   {other}
  0x000001ba32a76f80: 0f1f 8400 | f02c 0040 | bae4 ffff | ff4c 8b54 | 2428 4c89 | 5424 204c | 8b54 2470 | 4c89 5424 
  0x000001ba32a76fa0: 404c 8b94 | 2490 0000 | 004c 8954 | 2450 4889 | 7424 5848 | 8974 2470 | 448b 9c24 | 8800 0000 
  0x000001ba32a76fc0: 4c89 8424 | 9000 0000 | 458b d344 | 8954 247c | 4489 8c24 | 8800 0000 

  0x000001ba32a76fd8: ;   {runtime_call UncommonTrapBlob}
  0x000001ba32a76fd8: c5f8 77e8 

  0x000001ba32a76fdc: ; ImmutableOopMap {[32]=Oop [64]=Oop [80]=Oop [88]=Oop [96]=Oop [104]=Oop [112]=Oop [124]=NarrowOop [136]=NarrowOop [144]=Oop [152]=Oop }
                      ;*invokestatic checkIndex {reexecute=0 rethrow=0 return_oop=0}
                      ; - java.lang.String::checkIndex@5 (line 4832)
                      ; - java.lang.StringLatin1::charAt@3 (line 46)
                      ; - java.lang.String::charAt@12 (line 1555)
                      ; - java.lang.ClassLoader::checkName@25 (line 1157)
                      ; - java.lang.ClassLoader::findLoadedClass@1 (line 1298)
                      ; - org.eclipse.osgi.internal.loader.ModuleClassLoader::defineClass@17 (line 313)
                      ; - org.eclipse.osgi.internal.loader.classpath.ClasspathManager::defineClass@424 (line 779)
  0x000001ba32a76fdc: 20ca 15ff 

  0x000001ba32a76fe0: ;   {other}
  0x000001ba32a76fe0: 0f1f 8400 | 502d 0041 | 4d8b d08b | 6c24 204c | 8b44 2450 | 4c89 4424 | 304c 8b84 | 2480 0000 
  0x000001ba32a77000: 004c 8944 | 2428 488b | d14d 8bc2 | 4c8b 8c24 | 9000 0000 

  0x000001ba32a77014: ;   {optimized virtual_call}
  0x000001ba32a77014: c5f8 77e8 

  0x000001ba32a77018: ; ImmutableOopMap {[40]=Oop [48]=Oop [96]=Oop [104]=Oop [112]=Oop [120]=Oop [128]=Oop [144]=Oop }
                      ;*invokevirtual createMap {reexecute=0 rethrow=0 return_oop=0}
                      ; - java.lang.ThreadLocal::set@22 (line 267)
                      ; - java.lang.ThreadLocal::set@5 (line 251)
                      ; - org.eclipse.osgi.internal.loader.classpath.ClasspathManager::defineClass@44 (line 737)
  0x000001ba32a77018: 6477 15ff 

  0x000001ba32a7701c: ;   {other}
  0x000001ba32a7701c: 0f1f 8400 | 8c2d 0042 | 4c8b 5424 | 304c 8954 | 2450 896c | 2420 e921 | e2ff ffba | ceff ffff 
  0x000001ba32a7703c: 4c8b 5424 | 284c 8954 | 2420 4c8b | 5424 704c | 8954 2440 | 4c8b 9424 | 9800 0000 | 4c89 5424 
  0x000001ba32a7705c: 484c 8b94 | 2490 0000 | 004c 8954 | 2450 4889 | 7424 5848 | 8974 2470 | 448b 9424 | 8800 0000 
  0x000001ba32a7707c: 4c89 8424 | 9800 0000 | 4489 9424 | 8400 0000 | 4489 8c24 | 8800 0000 

  0x000001ba32a77094: ;   {runtime_call UncommonTrapBlob}
  0x000001ba32a77094: c5f8 77e8 

  0x000001ba32a77098: ; ImmutableOopMap {rbp=NarrowOop [32]=Oop [64]=Oop [72]=Oop [80]=Oop [88]=Oop [96]=Oop [104]=Oop [112]=Oop [132]=NarrowOop [152]=Oop }
                      ;*invokestatic indexOfChar {reexecute=0 rethrow=0 return_oop=0}
                      ; - java.lang.StringLatin1::indexOf@33 (line 204)
                      ; - java.lang.String::indexOf@17 (line 2461)
                      ; - java.lang.String::indexOf@3 (line 2405)
                      ; - java.lang.ClassLoader::checkName@16 (line 1157)
                      ; - java.lang.ClassLoader::findLoadedClass@1 (line 1298)
                      ; - org.eclipse.osgi.internal.loader.ModuleClassLoader::defineClass@17 (line 313)
                      ; - org.eclipse.osgi.internal.loader.classpath.ClasspathManager::defineClass@424 (line 779)
  0x000001ba32a77098: 64c9 15ff 

  0x000001ba32a7709c: ;   {other}
  0x000001ba32a7709c: 0f1f 8400 | 0c2e 0043 | ba6e ffff | ff48 8b6c | 2450 4c8b | 9424 8000 | 0000 4c89 | 5424 204c 
  0x000001ba32a770bc: 8b54 2460 | 4c89 5424 | 284c 8b54 | 2468 4c89 | 5424 3089 | 4c24 5844 | 894c 2460 

  0x000001ba32a770d8: ;   {runtime_call UncommonTrapBlob}
  0x000001ba32a770d8: c5f8 77e8 

  0x000001ba32a770dc: ; ImmutableOopMap {rbp=Oop [32]=Oop [40]=Oop [48]=Oop [88]=NarrowOop [112]=Oop [120]=Oop }
                      ;*iflt {reexecute=1 rethrow=0 return_oop=0}
                      ; - (reexecute) java.lang.StringLatin1::lastIndexOf@19 (line 285)
                      ; - java.lang.String::lastIndexOf@13 (line 2573)
                      ; - java.lang.String::lastIndexOf@8 (line 2535)
                      ; - org.eclipse.osgi.internal.loader.classpath.ClasspathManager::definePackage@3 (line 820)
                      ; - org.eclipse.osgi.internal.loader.classpath.ClasspathManager::defineClass@9 (line 733)
  0x000001ba32a770dc: 20c9 15ff 

  0x000001ba32a770e0: ;   {other}
  0x000001ba32a770e0: 0f1f 8400 | 502e 0044 | ba76 ffff | ff48 8b6c | 2450 4c8b | 5c24 604c | 895c 2428 | 4489 4c24 
  0x000001ba32a77100: 5c44 8954 | 2460 6690 

  0x000001ba32a77108: ;   {runtime_call UncommonTrapBlob}
  0x000001ba32a77108: c5f8 77e8 

  0x000001ba32a7710c: ; ImmutableOopMap {rbp=Oop [40]=Oop [92]=NarrowOop [104]=Oop [112]=Oop [128]=Oop [144]=Oop [152]=Oop }
                      ;*if_icmpge {reexecute=1 rethrow=0 return_oop=0}
                      ; - (reexecute) java.util.ArrayList::indexOfRange@45 (line 298)
                      ; - java.util.ArrayList::indexOf@7 (line 286)
                      ; - java.util.ArrayList::contains@2 (line 275)
                      ; - org.eclipse.osgi.internal.loader.classpath.ClasspathManager::defineClass@319 (line 773)
  0x000001ba32a7710c: f0c8 15ff 

  0x000001ba32a77110: ;   {other}
  0x000001ba32a77110: 0f1f 8400 | 802e 0045 | 4d63 d9e9 | b1d9 ffff | 4983 c3fe | 498b cb48 | 8bfa 4833 | c048 83f9 
  0x000001ba32a77130: 087f 1048 | ffc9 784f | 4889 04cf | 48ff c97d | f7eb 44c5 | fdef c0e9 | 0d00 0000 | c5fe 7f07 
  0x000001ba32a77150: c5fe 7f47 | 2048 83c7 | 4048 83e9 | 087d ed48 | 83c1 047c | 0cc5 fe7f | 0748 83c7 | 2048 83e9 
  0x000001ba32a77170: 0448 83c1 | 047e 1048 | ffc9 c5f9 | d607 4883 | c708 48ff | c97d f3e9 | fed9 ffff | bacc ffff 
  0x000001ba32a77190: ff48 8b6c | 2450 4c8b | 5424 604c | 8954 2428 | 4c8b 5424 | 684c 8954 | 2430 4c8b | 5424 704c 
  0x000001ba32a771b0: 8954 2438 | 894c 2450 | 4489 4c24 | 5848 895c | 2470 6690 

  0x000001ba32a771c4: ;   {runtime_call UncommonTrapBlob}
  0x000001ba32a771c4: c5f8 77e8 

  0x000001ba32a771c8: ; ImmutableOopMap {rbp=Oop [40]=Oop [48]=Oop [56]=Oop [80]=NarrowOop [112]=Oop [120]=Oop [128]=Oop }
                      ;*newarray {reexecute=1 rethrow=0 return_oop=0}
                      ; - (reexecute) java.util.Arrays::copyOfRangeByte@10 (line 3863)
                      ; - java.util.Arrays::copyOfRange@13 (line 3854)
                      ; - java.lang.StringLatin1::newString@16 (line 752)
                      ; - java.lang.String::substring@41 (line 2839)
                      ; - org.eclipse.osgi.internal.loader.classpath.ClasspathManager::definePackage@15 (line 824)
                      ; - org.eclipse.osgi.internal.loader.classpath.ClasspathManager::defineClass@9 (line 733)
  0x000001ba32a771c8: 34c8 15ff 

  0x000001ba32a771cc: ;   {other}
  0x000001ba32a771cc: 0f1f 8400 | 3c2f 0046 | baf6 ffff | ff48 8b6c | 2450 4c8b | 5424 604c | 8954 2428 | 4c8b 5424 
  0x000001ba32a771ec: 684c 8954 | 2430 4489 | 5c24 6448 | 895c 2468 

  0x000001ba32a771fc: ;   {runtime_call UncommonTrapBlob}
  0x000001ba32a771fc: c5f8 77e8 

  0x000001ba32a77200: ; ImmutableOopMap {rbp=Oop [40]=Oop [48]=Oop [100]=NarrowOop [104]=Oop [112]=Oop [120]=Oop [128]=Oop }
                      ;*invokevirtual get {reexecute=0 rethrow=0 return_oop=0}
                      ; - java.lang.ClassLoader::definePackage@47 (line 2125)
                      ; - java.lang.ClassLoader::getDefinedPackage@32 (line 2267)
                      ; - java.lang.ClassLoader::getPackage@2 (line 2333)
                      ; - org.eclipse.osgi.internal.loader.ModuleClassLoader::publicGetPackage@9 (line 330)
                      ; - org.eclipse.osgi.internal.loader.classpath.ClasspathManager::definePackage@26 (line 825)
                      ; - org.eclipse.osgi.internal.loader.classpath.ClasspathManager::defineClass@9 (line 733)
  0x000001ba32a77200: fcc7 15ff 

  0x000001ba32a77204: ;   {other}
  0x000001ba32a77204: 0f1f 8400 | 742f 0047 | ba45 ffff | ff48 8b6c | 2450 4c8b | 8c24 8000 | 0000 4c89 | 4c24 204c 
  0x000001ba32a77224: 8b4c 2460 | 4c89 4c24 | 284c 8b4c | 2468 4c89 | 4c24 304c | 8b4c 2470 | 4c89 4c24 | 384c 8b4c 
  0x000001ba32a77244: 2478 4c89 | 4c24 5044 | 895c 2464 | 4889 5c24 | 7044 8944 | 246c 4889 | 5c24 7844 | 8994 2480 
  0x000001ba32a77264: 0000 0090 

  0x000001ba32a77268: ;   {runtime_call UncommonTrapBlob}
  0x000001ba32a77268: c5f8 77e8 

  0x000001ba32a7726c: ; ImmutableOopMap {rbp=Oop [32]=Oop [40]=Oop [48]=Oop [56]=Oop [80]=Oop [100]=NarrowOop [108]=NarrowOop [112]=Oop [120]=Oop [128]=NarrowOop }
                      ;*ifeq {reexecute=1 rethrow=0 return_oop=0}
                      ; - (reexecute) java.lang.ClassLoader::definePackage@4 (line 2120)
                      ; - java.lang.ClassLoader::getDefinedPackage@32 (line 2267)
                      ; - java.lang.ClassLoader::getPackage@2 (line 2333)
                      ; - org.eclipse.osgi.internal.loader.ModuleClassLoader::publicGetPackage@9 (line 330)
                      ; - org.eclipse.osgi.internal.loader.classpath.ClasspathManager::definePackage@26 (line 825)
                      ; - org.eclipse.osgi.internal.loader.classpath.ClasspathManager::defineClass@9 (line 733)
  0x000001ba32a7726c: 90c7 15ff 

  0x000001ba32a77270: ;   {other}
  0x000001ba32a77270: 0f1f 8400 | e02f 0048 | 33ed 4585 | d240 0f94 | c5ba 45ff | ffff 4c8b | 5424 504c | 8954 2420 
  0x000001ba32a77290: 4c8b 9424 | 8000 0000 | 4c89 5424 | 284c 894c | 2430 4c8b | 5424 684c | 8954 2438 | 4889 7424 
  0x000001ba32a772b0: 4044 8944 | 2470 6690 

  0x000001ba32a772b8: ;   {runtime_call UncommonTrapBlob}
  0x000001ba32a772b8: c5f8 77e8 

  0x000001ba32a772bc: ; ImmutableOopMap {[32]=Oop [40]=Oop [48]=Oop [56]=Oop [64]=Oop [120]=Oop }
                      ;*ifeq {reexecute=1 rethrow=0 return_oop=0}
                      ; - (reexecute) java.lang.String::lastIndexOf@4 (line 2573)
                      ; - java.lang.String::lastIndexOf@8 (line 2535)
                      ; - org.eclipse.osgi.internal.loader.classpath.ClasspathManager::definePackage@3 (line 820)
                      ; - org.eclipse.osgi.internal.loader.classpath.ClasspathManager::defineClass@9 (line 733)
  0x000001ba32a772bc: 40c7 15ff 

  0x000001ba32a772c0: ;   {other}
  0x000001ba32a772c0: 0f1f 8400 | 3030 0049 | ba45 ffff | ff48 8b6c | 2428 4c8b | 5424 684c | 8954 2430 | 4c8b 5424 
  0x000001ba32a772e0: 704c 8954 | 2438 4889 | 7424 504c | 8b54 2460 | 4c89 5424 | 5848 8974 | 2468 448b | 9424 8800 
  0x000001ba32a77300: 0000 4c89 | 8424 8000 | 0000 4489 | 5424 7444 | 899c 2488 | 0000 0090 

  0x000001ba32a77318: ;   {runtime_call UncommonTrapBlob}
  0x000001ba32a77318: c5f8 77e8 

  0x000001ba32a7731c: ; ImmutableOopMap {rbp=Oop [48]=Oop [56]=Oop [80]=Oop [88]=Oop [104]=Oop [116]=NarrowOop [128]=Oop [144]=Oop [152]=Oop }
                      ;*if_icmpne {reexecute=1 rethrow=0 return_oop=0}
                      ; - (reexecute) java.lang.ClassLoader::checkName@20 (line 1157)
                      ; - java.lang.ClassLoader::findLoadedClass@1 (line 1298)
                      ; - org.eclipse.osgi.internal.loader.ModuleClassLoader::defineClass@17 (line 313)
                      ; - org.eclipse.osgi.internal.loader.classpath.ClasspathManager::defineClass@424 (line 779)
  0x000001ba32a7731c: e0c6 15ff 

  0x000001ba32a77320: ;   {other}
  0x000001ba32a77320: 0f1f 8400 | 9030 004a | ba45 ffff | ff4c 8b94 | 2480 0000 | 004c 8954 | 2428 4c8b | 5424 604c 
  0x000001ba32a77340: 8954 2430 | 4c8b 5424 | 684c 8954 | 2438 4c8b | 5424 704c | 8954 2440 | 4c8b 5424 | 504c 8954 
  0x000001ba32a77360: 2448 4c8b | 5424 784c | 8954 2458 | 4489 5c24 | 6c48 895c | 2478 4489 | 4424 7448 | 899c 2480 
  0x000001ba32a77380: 0000 0090 

  0x000001ba32a77384: ;   {runtime_call UncommonTrapBlob}
  0x000001ba32a77384: c5f8 77e8 

  0x000001ba32a77388: ; ImmutableOopMap {[40]=Oop [48]=Oop [56]=Oop [64]=Oop [72]=Oop [88]=Oop [108]=NarrowOop [116]=NarrowOop [120]=Oop [128]=Oop }
                      ;*ifle {reexecute=1 rethrow=0 return_oop=0}
                      ; - (reexecute) java.util.concurrent.ConcurrentHashMap::get@23 (line 937)
                      ; - java.lang.ClassLoader::getDefinedPackage@13 (line 2263)
                      ; - java.lang.ClassLoader::getPackage@2 (line 2333)
                      ; - org.eclipse.osgi.internal.loader.ModuleClassLoader::publicGetPackage@9 (line 330)
                      ; - org.eclipse.osgi.internal.loader.classpath.ClasspathManager::definePackage@26 (line 825)
                      ; - org.eclipse.osgi.internal.loader.classpath.ClasspathManager::defineClass@9 (line 733)
  0x000001ba32a77388: 74c6 15ff 

  0x000001ba32a7738c: ;   {other}
  0x000001ba32a7738c: 0f1f 8400 | fc30 004b | ba45 ffff | ff48 8b6c | 2450 4489 | 4c24 4090 

  0x000001ba32a773a4: ;   {runtime_call UncommonTrapBlob}
  0x000001ba32a773a4: c5f8 77e8 

  0x000001ba32a773a8: ; ImmutableOopMap {rbp=Oop [96]=Oop [104]=Oop [112]=Oop [120]=Oop [128]=Oop }
                      ;*ifge {reexecute=1 rethrow=0 return_oop=0}
                      ; - (reexecute) org.eclipse.osgi.internal.loader.classpath.ClasspathManager::definePackage@8 (line 821)
                      ; - org.eclipse.osgi.internal.loader.classpath.ClasspathManager::defineClass@9 (line 733)
  0x000001ba32a773a8: 54c6 15ff 

  0x000001ba32a773ac: ;   {other}
  0x000001ba32a773ac: 0f1f 8400 | 1c31 004c | ba45 ffff | ff48 8b6c | 2450 4c8b | 9424 8000 | 0000 4c89 | 5424 204c 
  0x000001ba32a773cc: 8b54 2460 | 4c89 5424 | 284c 8b54 | 2468 4c89 | 5424 304c | 8b54 2470 | 4c89 5424 | 3844 894c 
  0x000001ba32a773ec: 245c 4489 | 4c24 6089 | 5c24 7089 | 5c24 7490 

  0x000001ba32a773fc: ;   {runtime_call UncommonTrapBlob}
  0x000001ba32a773fc: c5f8 77e8 

  0x000001ba32a77400: ; ImmutableOopMap {rbp=Oop [32]=Oop [40]=Oop [48]=Oop [56]=Oop [120]=Oop }
                      ;*if_icmple {reexecute=1 rethrow=0 return_oop=0}
                      ; - (reexecute) jdk.internal.util.Preconditions::checkFromToIndex@11 (line 348)
                      ; - java.lang.String::checkBoundsBeginEnd@6 (line 4865)
                      ; - java.lang.String::substring@8 (line 2834)
                      ; - org.eclipse.osgi.internal.loader.classpath.ClasspathManager::definePackage@15 (line 824)
                      ; - org.eclipse.osgi.internal.loader.classpath.ClasspathManager::defineClass@9 (line 733)
  0x000001ba32a77400: fcc5 15ff 

  0x000001ba32a77404: ;   {other}
  0x000001ba32a77404: 0f1f 8400 | 7431 004d | ba45 ffff | ff4c 8b54 | 2450 4c89 | 5424 2090 

  0x000001ba32a7741c: ;   {runtime_call UncommonTrapBlob}
  0x000001ba32a7741c: c5f8 77e8 

  0x000001ba32a77420: ; ImmutableOopMap {[32]=Oop [96]=Oop [104]=Oop [112]=Oop [120]=Oop [128]=Oop [144]=Oop }
                      ;*ifne {reexecute=1 rethrow=0 return_oop=0}
                      ; - (reexecute) org.eclipse.osgi.internal.loader.classpath.ClasspathManager::defineClass@57 (line 741)
  0x000001ba32a77420: dcc5 15ff 

  0x000001ba32a77424: ;   {other}
  0x000001ba32a77424: 0f1f 8400 | 9431 004e | ba45 ffff | ff48 8b6c | 2428 4c8b | 5424 684c | 8954 2430 | 4c8b 5424 
  0x000001ba32a77444: 704c 8954 | 2438 4889 | 7424 504c | 8b54 2460 | 4c89 5424 | 5848 8974 | 2468 448b | 9424 8800 
  0x000001ba32a77464: 0000 4c89 | 8424 8000 | 0000 4489 | 5424 7444 | 899c 2488 | 0000 0090 

  0x000001ba32a7747c: ;   {runtime_call UncommonTrapBlob}
  0x000001ba32a7747c: c5f8 77e8 

  0x000001ba32a77480: ; ImmutableOopMap {rbp=Oop [48]=Oop [56]=Oop [80]=Oop [88]=Oop [104]=Oop [116]=NarrowOop [128]=Oop [144]=Oop [152]=Oop }
                      ;*if_icmpne {reexecute=1 rethrow=0 return_oop=0}
                      ; - (reexecute) java.lang.ClassLoader::checkName@30 (line 1157)
                      ; - java.lang.ClassLoader::findLoadedClass@1 (line 1298)
                      ; - org.eclipse.osgi.internal.loader.ModuleClassLoader::defineClass@17 (line 313)
                      ; - org.eclipse.osgi.internal.loader.classpath.ClasspathManager::defineClass@424 (line 779)
  0x000001ba32a77480: 7cc5 15ff 

  0x000001ba32a77484: ;   {other}
  0x000001ba32a77484: 0f1f 8400 | f431 004f | ba45 ffff | ff48 8b6c | 2450 488b | 8c24 8000 | 0000 4889 | 4c24 2048 
  0x000001ba32a774a4: 8b4c 2460 | 4889 4c24 | 2848 8b4c | 2468 4889 | 4c24 3048 | 8b4c 2470 | 4889 4c24 | 3848 8b4c 
  0x000001ba32a774c4: 2478 4889 | 4c24 5044 | 895c 2464 | 4889 5c24 | 7044 8944 | 246c 4889 | 5c24 7844 | 8994 2480 
  0x000001ba32a774e4: 0000 0044 | 898c 2484 | 0000 0090 

  0x000001ba32a774f0: ;   {runtime_call UncommonTrapBlob}
  0x000001ba32a774f0: c5f8 77e8 

  0x000001ba32a774f4: ; ImmutableOopMap {rbp=Oop [32]=Oop [40]=Oop [48]=Oop [56]=Oop [80]=Oop [100]=NarrowOop [108]=NarrowOop [112]=Oop [120]=Oop [128]=NarrowOop }
                      ;*ifle {reexecute=1 rethrow=0 return_oop=0}
                      ; - (reexecute) java.util.concurrent.ConcurrentHashMap::get@23 (line 937)
                      ; - java.lang.ClassLoader::definePackage@47 (line 2125)
                      ; - java.lang.ClassLoader::getDefinedPackage@32 (line 2267)
                      ; - java.lang.ClassLoader::getPackage@2 (line 2333)
                      ; - org.eclipse.osgi.internal.loader.ModuleClassLoader::publicGetPackage@9 (line 330)
                      ; - org.eclipse.osgi.internal.loader.classpath.ClasspathManager::definePackage@26 (line 825)
                      ; - org.eclipse.osgi.internal.loader.classpath.ClasspathManager::defineClass@9 (line 733)
  0x000001ba32a774f4: 08c5 15ff 

  0x000001ba32a774f8: ;   {other}
  0x000001ba32a774f8: 0f1f 8400 | 6832 0050 | 4963 c8e9 | bee8 ffff | ba45 ffff | ff4c 8b8c | 2480 0000 | 004c 894c 
  0x000001ba32a77518: 2428 4c8b | 4c24 604c | 894c 2430 | 4c8b 4c24 | 684c 894c | 2438 4c8b | 4c24 704c | 894c 2440 
  0x000001ba32a77538: 4c8b 4c24 | 504c 894c | 2448 4c8b | 4c24 784c | 894c 2458 | 4489 5c24 | 6c48 895c | 2478 4489 
  0x000001ba32a77558: 4424 7448 | 899c 2480 | 0000 0089 | 8424 9000 | 0000 4489 | 9424 9400 | 0000 6690 

  0x000001ba32a77574: ;   {runtime_call UncommonTrapBlob}
  0x000001ba32a77574: c5f8 77e8 

  0x000001ba32a77578: ; ImmutableOopMap {[40]=Oop [48]=Oop [56]=Oop [64]=Oop [72]=Oop [88]=Oop [108]=NarrowOop [116]=NarrowOop [120]=Oop [128]=Oop [144]=NarrowOop }
                      ;*ifge {reexecute=1 rethrow=0 return_oop=0}
                      ; - (reexecute) java.util.concurrent.ConcurrentHashMap::get@86 (line 943)
                      ; - java.lang.ClassLoader::getDefinedPackage@13 (line 2263)
                      ; - java.lang.ClassLoader::getPackage@2 (line 2333)
                      ; - org.eclipse.osgi.internal.loader.ModuleClassLoader::publicGetPackage@9 (line 330)
                      ; - org.eclipse.osgi.internal.loader.classpath.ClasspathManager::definePackage@26 (line 825)
                      ; - org.eclipse.osgi.internal.loader.classpath.ClasspathManager::defineClass@9 (line 733)
  0x000001ba32a77578: 84c4 15ff 

  0x000001ba32a7757c: ;   {other}
  0x000001ba32a7757c: 0f1f 8400 | ec32 0051 | 4c89 8424 | 9800 0000 

  0x000001ba32a7758c: ;   {metadata('java/util/ArrayList')}
  0x000001ba32a7758c: 48ba 30a5 | 0b3b ba01 | 0000 4c8b | 9424 9000 | 0000 4c89 | 9424 8800 | 0000 6690 

  0x000001ba32a775a8: ;   {runtime_call _new_instance_Java}
  0x000001ba32a775a8: c5f8 77e8 

  0x000001ba32a775ac: ; ImmutableOopMap {[80]=Oop [96]=Oop [104]=Oop [112]=Oop [120]=Oop [128]=Oop [136]=Oop [144]=Oop [152]=Oop }
                      ;*new {reexecute=0 rethrow=0 return_oop=1}
                      ; - org.eclipse.osgi.internal.loader.classpath.ClasspathManager$DefineContext::<init>@5 (line 705)
                      ; - org.eclipse.osgi.internal.loader.classpath.ClasspathManager::defineClass@33 (line 736)
  0x000001ba32a775ac: d0ec 20ff 

  0x000001ba32a775b0: ;   {other}
  0x000001ba32a775b0: 0f1f 8400 | 2033 0052 | 4c8b c84c | 8b84 2498 | 0000 00e9 | 97ec ffff | 4c89 4424 | 304c 8b54 
  0x000001ba32a775d0: 2450 4c89 

  0x000001ba32a775d4: ;   {metadata('org/eclipse/osgi/internal/loader/classpath/ClasspathManager$DefineContext')}
  0x000001ba32a775d4: 5424 2848 | bad8 2e11 | 3cba 0100 | 0066 6690 

  0x000001ba32a775e4: ;   {runtime_call _new_instance_Java}
  0x000001ba32a775e4: c5f8 77e8 

  0x000001ba32a775e8: ; ImmutableOopMap {[40]=Oop [48]=Oop [96]=Oop [104]=Oop [112]=Oop [120]=Oop [128]=Oop }
                      ;*new {reexecute=0 rethrow=0 return_oop=1}
                      ; - org.eclipse.osgi.internal.loader.classpath.ClasspathManager::defineClass@29 (line 736)
  0x000001ba32a775e8: 94ec 20ff 

  0x000001ba32a775ec: ;   {other}
  0x000001ba32a775ec: 0f1f 8400 | 5c33 0053 | 4c8b 5424 | 284c 8954 | 2450 4c8b | 4424 30e9 | 0bec ffff | 4c89 4424 
  0x000001ba32a7760c: 3044 8b54 | 2420 4489 | 5424 284c | 8b54 2450 | 4c89 5424 | 2048 8bac | 2480 0000 

  0x000001ba32a77628: ;   {metadata('java/util/ArrayList')}
  0x000001ba32a77628: 0048 ba30 | a50b 3bba | 0100 0090 

  0x000001ba32a77634: ;   {runtime_call _new_instance_Java}
  0x000001ba32a77634: c5f8 77e8 

  0x000001ba32a77638: ; ImmutableOopMap {rbp=Oop [32]=Oop [48]=Oop [96]=Oop [104]=Oop [112]=Oop [120]=Oop [144]=Oop }
                      ;*new {reexecute=0 rethrow=0 return_oop=1}
                      ; - org.eclipse.osgi.internal.loader.classpath.ClasspathManager$DefineContext::<init>@17 (line 706)
                      ; - org.eclipse.osgi.internal.loader.classpath.ClasspathManager::defineClass@33 (line 736)
  0x000001ba32a77638: 44ec 20ff 

  0x000001ba32a7763c: ;   {other}
  0x000001ba32a7763c: 0f1f 8400 | ac33 0054 | 4889 ac24 | 8000 0000 | 4c8b 5c24 | 204c 895c | 2450 448b | 4424 2844 
  0x000001ba32a7765c: 8944 2420 | 488b c84c | 8b44 2430 | e9d2 ecff | ff4c 894c | 2440 4c8b | 9424 9000 | 0000 4c89 
  0x000001ba32a7767c: 5424 384c | 8944 2430 | 448b 5424 | 2044 8954 | 2428 4c8b | 5424 504c | 8954 2420 | 488b ac24 
  0x000001ba32a7769c: 8000 0000 

  0x000001ba32a776a0: ;   {metadata('java/lang/Object'[])}
  0x000001ba32a776a0: 48ba 4012 | 003b ba01 | 0000 41b8 | 0500 0000 

  0x000001ba32a776b0: ;   {runtime_call _new_array_Java}
  0x000001ba32a776b0: c5f8 77e8 

  0x000001ba32a776b4: ; ImmutableOopMap {rbp=Oop [32]=Oop [48]=Oop [56]=Oop [64]=Oop [96]=Oop [104]=Oop [112]=Oop [120]=Oop }
                      ;*anewarray {reexecute=0 rethrow=0 return_oop=1}
                      ; - java.util.ArrayList::<init>@10 (line 156)
                      ; - org.eclipse.osgi.internal.loader.classpath.ClasspathManager$DefineContext::<init>@10 (line 705)
                      ; - org.eclipse.osgi.internal.loader.classpath.ClasspathManager::defineClass@33 (line 736)
  0x000001ba32a776b4: c8ee 20ff 

  0x000001ba32a776b8: ;   {other}
  0x000001ba32a776b8: 0f1f 8400 | 2834 0055 | 4889 ac24 | 8000 0000 | 4c8b 5424 | 204c 8954 | 2450 448b | 5c24 2844 
  0x000001ba32a776d8: 895c 2420 | 4c8b 5c24 | 384c 899c | 2490 0000 | 004c 8b4c | 2440 4c8b | 4424 30e9 | c2eb ffff 
  0x000001ba32a776f8: 4889 4c24 | 404c 8944 | 2430 448b | 5424 2044 | 8954 2428 | 4c8b 5424 | 504c 8954 | 2420 488b 
  0x000001ba32a77718: ac24 8000 

  0x000001ba32a7771c: ;   {metadata('java/lang/Object'[])}
  0x000001ba32a7771c: 0000 48ba | 4012 003b | ba01 0000 | 41b8 0500 | 0000 6690 

  0x000001ba32a77730: ;   {runtime_call _new_array_Java}
  0x000001ba32a77730: c5f8 77e8 

  0x000001ba32a77734: ; ImmutableOopMap {rbp=Oop [32]=Oop [48]=Oop [64]=Oop [96]=Oop [104]=Oop [112]=Oop [120]=Oop [144]=Oop }
                      ;*anewarray {reexecute=0 rethrow=0 return_oop=1}
                      ; - java.util.ArrayList::<init>@10 (line 156)
                      ; - org.eclipse.osgi.internal.loader.classpath.ClasspathManager$DefineContext::<init>@22 (line 706)
                      ; - org.eclipse.osgi.internal.loader.classpath.ClasspathManager::defineClass@33 (line 736)
  0x000001ba32a77734: 48ee 20ff 

  0x000001ba32a77738: ;   {other}
  0x000001ba32a77738: 0f1f 8400 | a834 0056 | 4889 ac24 | 8000 0000 | 4c8b 5424 | 204c 8954 | 2450 448b | 5c24 2844 
  0x000001ba32a77758: 895c 2420 | 488b 4c24 | 404c 8b44 | 2430 e92f | ecff ffba | 45ff ffff | 4c8b 8c24 | 8000 0000 
  0x000001ba32a77778: 4c89 4c24 | 284c 8b4c | 2460 4c89 | 4c24 304c | 8b4c 2468 | 4c89 4c24 | 384c 8b4c | 2470 4c89 
  0x000001ba32a77798: 4c24 404c | 8b4c 2450 | 4c89 4c24 | 484c 8b4c | 2478 4c89 | 4c24 5844 | 895c 246c | 4889 5c24 
  0x000001ba32a777b8: 7844 8944 | 2474 4889 | 9c24 8000 | 0000 4489 | 9424 8800 | 0000 8984 | 248c 0000 | 0089 bc24 
  0x000001ba32a777d8: 9800 0000 

  0x000001ba32a777dc: ;   {runtime_call UncommonTrapBlob}
  0x000001ba32a777dc: c5f8 77e8 

  0x000001ba32a777e0: ; ImmutableOopMap {[40]=Oop [48]=Oop [56]=Oop [64]=Oop [72]=Oop [88]=Oop [108]=NarrowOop [116]=NarrowOop [120]=Oop [128]=Oop [136]=NarrowOop [140]=NarrowOop }
                      ;*ifge {reexecute=1 rethrow=0 return_oop=0}
                      ; - (reexecute) java.util.concurrent.ConcurrentHashMap::get@86 (line 943)
                      ; - java.lang.ClassLoader::definePackage@47 (line 2125)
                      ; - java.lang.ClassLoader::getDefinedPackage@32 (line 2267)
                      ; - java.lang.ClassLoader::getPackage@2 (line 2333)
                      ; - org.eclipse.osgi.internal.loader.ModuleClassLoader::publicGetPackage@9 (line 330)
                      ; - org.eclipse.osgi.internal.loader.classpath.ClasspathManager::definePackage@26 (line 825)
                      ; - org.eclipse.osgi.internal.loader.classpath.ClasspathManager::defineClass@9 (line 733)
  0x000001ba32a777e0: 1cc2 15ff 

  0x000001ba32a777e4: ;   {other}
  0x000001ba32a777e4: 0f1f 8400 | 5435 0057 | 33ed 85ff | 400f 94c5 | ba45 ffff | ff4c 8b8c | 2480 0000 | 004c 894c 
  0x000001ba32a77804: 2428 4c8b | 4c24 604c | 894c 2430 | 4c8b 4c24 | 684c 894c | 2438 4c8b | 4c24 704c | 894c 2440 
  0x000001ba32a77824: 4c8b 4c24 | 504c 894c | 2448 4c8b | 4c24 784c | 894c 2458 | 4489 5c24 | 6c48 ffb4 | 2488 0000 
  0x000001ba32a77844: 0048 8f44 | 2478 4489 | 4424 7448 | ffb4 2488 | 0000 0048 | 8f84 2480 | 0000 0044 | 8994 2488 
  0x000001ba32a77864: 0000 0090 

  0x000001ba32a77868: ;   {runtime_call UncommonTrapBlob}
  0x000001ba32a77868: c5f8 77e8 

  0x000001ba32a7786c: ; ImmutableOopMap {[40]=Oop [48]=Oop [56]=Oop [64]=Oop [72]=Oop [88]=Oop [108]=NarrowOop [116]=NarrowOop [120]=Oop [128]=Oop [136]=NarrowOop }
                      ;*ifeq {reexecute=1 rethrow=0 return_oop=0}
                      ; - (reexecute) java.lang.String::hashCode@20 (line 2369)
                      ; - java.util.concurrent.ConcurrentHashMap::get@1 (line 936)
                      ; - java.lang.ClassLoader::getDefinedPackage@13 (line 2263)
                      ; - java.lang.ClassLoader::getPackage@2 (line 2333)
                      ; - org.eclipse.osgi.internal.loader.ModuleClassLoader::publicGetPackage@9 (line 330)
                      ; - org.eclipse.osgi.internal.loader.classpath.ClasspathManager::definePackage@26 (line 825)
                      ; - org.eclipse.osgi.internal.loader.classpath.ClasspathManager::defineClass@9 (line 733)
  0x000001ba32a7786c: 90c1 15ff 

  0x000001ba32a77870: ;   {other}
  0x000001ba32a77870: 0f1f 8400 | e035 0058 | ba45 ffff | ff4c 8b8c | 2480 0000 | 004c 894c | 2428 4c8b | 4c24 604c 
  0x000001ba32a77890: 894c 2430 | 4c8b 4c24 | 684c 894c | 2438 4c8b | 4c24 704c | 894c 2440 | 4c8b 4c24 | 504c 894c 
  0x000001ba32a778b0: 2448 4c8b | 4c24 784c | 894c 2458 | 4489 5c24 | 6c48 895c | 2478 4489 | 4424 7448 | 899c 2480 
  0x000001ba32a778d0: 0000 0089 | 8424 9000 | 0000 4489 | 9424 9400 | 0000 6690 

  0x000001ba32a778e4: ;   {runtime_call UncommonTrapBlob}
  0x000001ba32a778e4: c5f8 77e8 

  0x000001ba32a778e8: ; ImmutableOopMap {rbp=NarrowOop [40]=Oop [48]=Oop [56]=Oop [64]=Oop [72]=Oop [88]=Oop [108]=NarrowOop [116]=NarrowOop [120]=Oop [128]=Oop [144]=NarrowOop }
                      ;*ifnull {reexecute=1 rethrow=0 return_oop=0}
                      ; - (reexecute) java.util.concurrent.ConcurrentHashMap::get@67 (line 940)
                      ; - java.lang.ClassLoader::getDefinedPackage@13 (line 2263)
                      ; - java.lang.ClassLoader::getPackage@2 (line 2333)
                      ; - org.eclipse.osgi.internal.loader.ModuleClassLoader::publicGetPackage@9 (line 330)
                      ; - org.eclipse.osgi.internal.loader.classpath.ClasspathManager::definePackage@26 (line 825)
                      ; - org.eclipse.osgi.internal.loader.classpath.ClasspathManager::defineClass@9 (line 733)
  0x000001ba32a778e8: 14c1 15ff 

  0x000001ba32a778ec: ;   {other}
  0x000001ba32a778ec: 0f1f 8400 | 5c36 0059 | baf6 ffff | ff48 895c | 2448 6690 

  0x000001ba32a77900: ;   {runtime_call UncommonTrapBlob}
  0x000001ba32a77900: c5f8 77e8 

  0x000001ba32a77904: ; ImmutableOopMap {[72]=Oop [80]=Oop [96]=Oop [104]=Oop [112]=Oop [120]=Oop [128]=Oop }
                      ;*invokevirtual manifestPackageAttributesFor {reexecute=0 rethrow=0 return_oop=0}
                      ; - org.eclipse.osgi.internal.loader.classpath.ClasspathManager::definePackage@77 (line 836)
                      ; - org.eclipse.osgi.internal.loader.classpath.ClasspathManager::defineClass@9 (line 733)
  0x000001ba32a77904: f8c0 15ff 

  0x000001ba32a77908: ;   {other}
  0x000001ba32a77908: 0f1f 8400 | 7836 005a | baf6 ffff | ff48 ff74 | 2450 488f | 4424 204c | 8b54 2460 | 4c89 5424 
  0x000001ba32a77928: 304c 8b54 | 2468 4c89 | 5424 3844 | 894c 2458 | 895c 245c | 4489 4424 | 6089 7424 | 6444 895c 
  0x000001ba32a77948: 2468 6690 

  0x000001ba32a7794c: ;   {runtime_call UncommonTrapBlob}
  0x000001ba32a7794c: c5f8 77e8 

  0x000001ba32a77950: ; ImmutableOopMap {rbp=NarrowOop [32]=Oop [48]=Oop [56]=Oop [72]=Oop [88]=NarrowOop [92]=NarrowOop [96]=NarrowOop [100]=NarrowOop [104]=NarrowOop [112]=Oop [120]=Oop [128]=Oop }
                      ;*invokevirtual publicDefinePackage {reexecute=0 rethrow=0 return_oop=0}
                      ; - org.eclipse.osgi.internal.loader.classpath.ClasspathManager::definePackage@157 (line 849)
                      ; - org.eclipse.osgi.internal.loader.classpath.ClasspathManager::defineClass@9 (line 733)
  0x000001ba32a77950: acc0 15ff 

  0x000001ba32a77954: ;   {other}
  0x000001ba32a77954: 0f1f 8400 | c436 005b | ba45 ffff | ff4c 8b8c | 2480 0000 | 004c 894c | 2428 4c8b | 4c24 604c 
  0x000001ba32a77974: 894c 2430 | 4c8b 4c24 | 684c 894c | 2438 4c8b | 4c24 704c | 894c 2440 | 4c8b 4c24 | 504c 894c 
  0x000001ba32a77994: 2448 4c8b | 4c24 784c | 894c 2458 | 4489 5c24 | 6c48 895c | 2478 4489 | 4424 7448 | 899c 2480 
  0x000001ba32a779b4: 0000 0044 | 8994 2488 | 0000 0089 | 8424 8c00 | 0000 89bc | 2498 0000 | 0066 6690 

  0x000001ba32a779d0: ;   {runtime_call UncommonTrapBlob}
  0x000001ba32a779d0: c5f8 77e8 

  0x000001ba32a779d4: ; ImmutableOopMap {rbp=NarrowOop [40]=Oop [48]=Oop [56]=Oop [64]=Oop [72]=Oop [88]=Oop [108]=NarrowOop [116]=NarrowOop [120]=Oop [128]=Oop [136]=NarrowOop [140]=NarrowOop }
                      ;*ifnull {reexecute=1 rethrow=0 return_oop=0}
                      ; - (reexecute) java.util.concurrent.ConcurrentHashMap::get@67 (line 940)
                      ; - java.lang.ClassLoader::definePackage@47 (line 2125)
                      ; - java.lang.ClassLoader::getDefinedPackage@32 (line 2267)
                      ; - java.lang.ClassLoader::getPackage@2 (line 2333)
                      ; - org.eclipse.osgi.internal.loader.ModuleClassLoader::publicGetPackage@9 (line 330)
                      ; - org.eclipse.osgi.internal.loader.classpath.ClasspathManager::definePackage@26 (line 825)
                      ; - org.eclipse.osgi.internal.loader.classpath.ClasspathManager::defineClass@9 (line 733)
  0x000001ba32a779d4: 28c0 15ff 

  0x000001ba32a779d8: ;   {other}
  0x000001ba32a779d8: 0f1f 8400 | 4837 005c | 33ed 85d2 | 400f 94c5 | ba45 ffff | ff48 8b8c | 2480 0000 | 0048 894c 
  0x000001ba32a779f8: 2428 488b | 4c24 6048 | 894c 2430 | 488b 4c24 | 6848 894c | 2438 488b | 4c24 7048 | 894c 2440 
  0x000001ba32a77a18: 488b 4c24 | 5048 894c | 2448 488b | 4c24 7848 | 894c 2458 | 4489 5c24 | 6c48 895c | 2478 4489 
  0x000001ba32a77a38: 4424 7448 | 899c 2480 | 0000 0044 | 8994 2488 | 0000 0044 | 898c 248c | 0000 0090 

  0x000001ba32a77a54: ;   {runtime_call UncommonTrapBlob}
  0x000001ba32a77a54: c5f8 77e8 

  0x000001ba32a77a58: ; ImmutableOopMap {[40]=Oop [48]=Oop [56]=Oop [64]=Oop [72]=Oop [88]=Oop [108]=NarrowOop [116]=NarrowOop [120]=Oop [128]=Oop [136]=NarrowOop [140]=NarrowOop }
                      ;*ifeq {reexecute=1 rethrow=0 return_oop=0}
                      ; - (reexecute) java.lang.String::hashCode@20 (line 2369)
                      ; - java.util.concurrent.ConcurrentHashMap::get@1 (line 936)
                      ; - java.lang.ClassLoader::definePackage@47 (line 2125)
                      ; - java.lang.ClassLoader::getDefinedPackage@32 (line 2267)
                      ; - java.lang.ClassLoader::getPackage@2 (line 2333)
                      ; - org.eclipse.osgi.internal.loader.ModuleClassLoader::publicGetPackage@9 (line 330)
                      ; - org.eclipse.osgi.internal.loader.classpath.ClasspathManager::definePackage@26 (line 825)
                      ; - org.eclipse.osgi.internal.loader.classpath.ClasspathManager::defineClass@9 (line 733)
  0x000001ba32a77a58: a4bf 15ff 

  0x000001ba32a77a5c: ;   {other}
  0x000001ba32a77a5c: 0f1f 8400 | cc37 005d | ba45 ffff | ff4c 8b54 | 2450 4c89 | 5424 4848 | 895c 2458 

  0x000001ba32a77a78: ;   {runtime_call UncommonTrapBlob}
  0x000001ba32a77a78: c5f8 77e8 

  0x000001ba32a77a7c: ; ImmutableOopMap {[72]=Oop [88]=Oop [96]=Oop [104]=Oop [112]=Oop [120]=Oop [128]=Oop }
                      ;*ifeq {reexecute=1 rethrow=0 return_oop=0}
                      ; - (reexecute) org.eclipse.osgi.internal.loader.classpath.ClasspathManager::definePackage@71 (line 834)
                      ; - org.eclipse.osgi.internal.loader.classpath.ClasspathManager::defineClass@9 (line 733)
  0x000001ba32a77a7c: 80bf 15ff 

  0x000001ba32a77a80: ;   {other}
  0x000001ba32a77a80: 0f1f 8400 | f037 005e | ba45 ffff | ff4c 8b8c | 2480 0000 | 004c 894c | 2428 4c8b | 4c24 604c 
  0x000001ba32a77aa0: 894c 2430 | 4c8b 4c24 | 684c 894c | 2438 4c8b | 4c24 704c | 894c 2440 | 4c8b 4c24 | 504c 894c 
  0x000001ba32a77ac0: 2448 4c8b | 4c24 784c | 894c 2458 | 4489 5c24 | 6c48 895c | 2478 4489 | 4424 7448 | 899c 2480 
  0x000001ba32a77ae0: 0000 0044 | 8994 2488 | 0000 0048 | 8984 2498 | 0000 0089 | bc24 8c00 | 0000 6690 

  0x000001ba32a77afc: ;   {runtime_call UncommonTrapBlob}
  0x000001ba32a77afc: c5f8 77e8 

  0x000001ba32a77b00: ; ImmutableOopMap {rbp=NarrowOop [40]=Oop [48]=Oop [56]=Oop [64]=Oop [72]=Oop [88]=Oop [108]=NarrowOop [116]=NarrowOop [120]=Oop [128]=Oop [136]=NarrowOop [152]=Oop }
                      ;*ifnull {reexecute=1 rethrow=0 return_oop=0}
                      ; - (reexecute) java.util.concurrent.ConcurrentHashMap::get@143 (line 946)
                      ; - java.lang.ClassLoader::definePackage@47 (line 2125)
                      ; - java.lang.ClassLoader::getDefinedPackage@32 (line 2267)
                      ; - java.lang.ClassLoader::getPackage@2 (line 2333)
                      ; - org.eclipse.osgi.internal.loader.ModuleClassLoader::publicGetPackage@9 (line 330)
                      ; - org.eclipse.osgi.internal.loader.classpath.ClasspathManager::definePackage@26 (line 825)
                      ; - org.eclipse.osgi.internal.loader.classpath.ClasspathManager::defineClass@9 (line 733)
  0x000001ba32a77b00: fcbe 15ff 

  0x000001ba32a77b04: ;   {other}
  0x000001ba32a77b04: 0f1f 8400 | 7438 005f | ba45 ffff | ff48 8b6c | 2450 4c8b | 9c24 8000 | 0000 4c89 | 5c24 204c 
  0x000001ba32a77b24: 8b5c 2460 | 4c89 5c24 | 284c 8b5c | 2468 4c89 | 5c24 304c | 8b5c 2470 | 4c89 5c24 | 384c 8b5c 
  0x000001ba32a77b44: 2478 4c89 | 5c24 5044 | 8b9c 248c | 0000 0044 | 895c 2464 | 448b 9c24 | 8800 0000 | 4489 5c24 
  0x000001ba32a77b64: 6844 8b9c | 2490 0000 | 0044 899c | 2480 0000 | 0089 8424 | 9000 0000 

  0x000001ba32a77b7c: ;   {runtime_call UncommonTrapBlob}
  0x000001ba32a77b7c: c5f8 77e8 

  0x000001ba32a77b80: ; ImmutableOopMap {rbp=Oop [32]=Oop [40]=Oop [48]=Oop [56]=Oop [80]=Oop [88]=Oop [100]=NarrowOop [104]=NarrowOop [128]=NarrowOop [152]=Oop }
                      ;*ifeq {reexecute=1 rethrow=0 return_oop=0}
                      ; - (reexecute) java.util.concurrent.ConcurrentHashMap::get@152 (line 947)
                      ; - java.lang.ClassLoader::definePackage@47 (line 2125)
                      ; - java.lang.ClassLoader::getDefinedPackage@32 (line 2267)
                      ; - java.lang.ClassLoader::getPackage@2 (line 2333)
                      ; - org.eclipse.osgi.internal.loader.ModuleClassLoader::publicGetPackage@9 (line 330)
                      ; - org.eclipse.osgi.internal.loader.classpath.ClasspathManager::definePackage@26 (line 825)
                      ; - org.eclipse.osgi.internal.loader.classpath.ClasspathManager::defineClass@9 (line 733)
  0x000001ba32a77b80: 7cbe 15ff 

  0x000001ba32a77b84: ;   {other}
  0x000001ba32a77b84: 0f1f 8400 | f438 0060 | baf6 ffff | ff48 8b6c | 2450 6690 

  0x000001ba32a77b98: ;   {runtime_call UncommonTrapBlob}
  0x000001ba32a77b98: c5f8 77e8 

  0x000001ba32a77b9c: ; ImmutableOopMap {rbp=Oop [72]=Oop [88]=Oop [96]=Oop [104]=Oop [112]=Oop [152]=Oop }
                      ;*aastore {reexecute=1 rethrow=0 return_oop=0}
                      ; - (reexecute) java.util.ArrayList::add@14 (line 484)
                      ; - java.util.ArrayList::add@20 (line 496)
                      ; - org.eclipse.osgi.internal.loader.classpath.ClasspathManager::defineClass@411 (line 777)
  0x000001ba32a77b9c: 60be 15ff 

  0x000001ba32a77ba0: ;   {other}
  0x000001ba32a77ba0: 0f1f 8400 | 1039 0061 | ba45 ffff | ff4c 8b8c | 2480 0000 | 004c 894c | 2428 4c8b | 4c24 604c 
  0x000001ba32a77bc0: 894c 2430 | 4c8b 4c24 | 684c 894c | 2438 4c8b | 4c24 704c | 894c 2440 | 4c8b 4c24 | 504c 894c 
  0x000001ba32a77be0: 2448 4c8b | 4c24 784c | 894c 2458 | 4489 5c24 | 6c48 895c | 2478 4489 | 4424 7448 | 899c 2480 
  0x000001ba32a77c00: 0000 0048 | 89bc 2490 | 0000 0044 | 8994 2498 | 0000 0090 

  0x000001ba32a77c14: ;   {runtime_call UncommonTrapBlob}
  0x000001ba32a77c14: c5f8 77e8 

  0x000001ba32a77c18: ; ImmutableOopMap {rbp=NarrowOop [40]=Oop [48]=Oop [56]=Oop [64]=Oop [72]=Oop [88]=Oop [108]=NarrowOop [116]=NarrowOop [120]=Oop [128]=Oop [144]=Oop }
                      ;*ifnull {reexecute=1 rethrow=0 return_oop=0}
                      ; - (reexecute) java.util.concurrent.ConcurrentHashMap::get@143 (line 946)
                      ; - java.lang.ClassLoader::getDefinedPackage@13 (line 2263)
                      ; - java.lang.ClassLoader::getPackage@2 (line 2333)
                      ; - org.eclipse.osgi.internal.loader.ModuleClassLoader::publicGetPackage@9 (line 330)
                      ; - org.eclipse.osgi.internal.loader.classpath.ClasspathManager::definePackage@26 (line 825)
                      ; - org.eclipse.osgi.internal.loader.classpath.ClasspathManager::defineClass@9 (line 733)
  0x000001ba32a77c18: e4bd 15ff 

  0x000001ba32a77c1c: ;   {other}
  0x000001ba32a77c1c: 0f1f 8400 | 8c39 0062 | ba45 ffff | ff48 8b6c | 2450 4c8b | 9c24 8000 | 0000 4c89 | 5c24 204c 
  0x000001ba32a77c3c: 8b5c 2460 | 4c89 5c24 | 284c 8b5c | 2468 4c89 | 5c24 304c | 8b5c 2470 | 4c89 5c24 | 384c 8b5c 
  0x000001ba32a77c5c: 2478 4c89 | 5c24 5044 | 8b9c 248c | 0000 0044 | 895c 2464 | 448b 9c24 | 8800 0000 | 4489 5c24 
  0x000001ba32a77c7c: 6889 8424 | 9400 0000 

  0x000001ba32a77c84: ;   {runtime_call UncommonTrapBlob}
  0x000001ba32a77c84: c5f8 77e8 

  0x000001ba32a77c88: ; ImmutableOopMap {rbp=Oop [32]=Oop [40]=Oop [48]=Oop [56]=Oop [80]=Oop [88]=Oop [100]=NarrowOop [104]=NarrowOop [152]=Oop }
                      ;*ifeq {reexecute=1 rethrow=0 return_oop=0}
                      ; - (reexecute) java.util.concurrent.ConcurrentHashMap::get@152 (line 947)
                      ; - java.lang.ClassLoader::getDefinedPackage@13 (line 2263)
                      ; - java.lang.ClassLoader::getPackage@2 (line 2333)
                      ; - org.eclipse.osgi.internal.loader.ModuleClassLoader::publicGetPackage@9 (line 330)
                      ; - org.eclipse.osgi.internal.loader.classpath.ClasspathManager::definePackage@26 (line 825)
                      ; - org.eclipse.osgi.internal.loader.classpath.ClasspathManager::defineClass@9 (line 733)
  0x000001ba32a77c88: 74bd 15ff 

  0x000001ba32a77c8c: ;   {other}
  0x000001ba32a77c8c: 0f1f 8400 | fc39 0063 | 4889 9c24 | 8800 0000 | 4489 4424 | 5844 894c | 244c 897c | 2448 4889 
  0x000001ba32a77cac: 4c24 4044 | 895c 2424 | 4c8b 5424 | 504c 8954 | 2430 4c8b | 9424 8000 | 0000 4c89 

  0x000001ba32a77cc8: ;   {metadata('java/lang/ThreadLocal$ThreadLocalMap$Entry')}
  0x000001ba32a77cc8: 5424 2848 | ba30 5e22 | 3bba 0100 | 0066 6690 

  0x000001ba32a77cd8: ;   {runtime_call _new_instance_Java}
  0x000001ba32a77cd8: c5f8 77e8 

  0x000001ba32a77cdc: ; ImmutableOopMap {rbp=NarrowOop [36]=NarrowOop [40]=Oop [48]=Oop [64]=Oop [72]=NarrowOop [96]=Oop [104]=Oop [112]=Oop [120]=Oop [136]=Oop [144]=Oop [152]=Oop }
                      ;*new {reexecute=0 rethrow=0 return_oop=1}
                      ; - java.lang.ThreadLocal$ThreadLocalMap::set@85 (line 563)
                      ; - java.lang.ThreadLocal::set@13 (line 265)
                      ; - java.lang.ThreadLocal::set@5 (line 251)
                      ; - org.eclipse.osgi.internal.loader.classpath.ClasspathManager::defineClass@44 (line 737)
  0x000001ba32a77cdc: a0e5 20ff 

  0x000001ba32a77ce0: ;   {other}
  0x000001ba32a77ce0: 0f1f 8400 | 503a 0064 | 4c8b 5c24 | 284c 899c | 2480 0000 | 004c 8b5c | 2430 4c89 | 5c24 5044 
  0x000001ba32a77d00: 8b5c 2424 | 488b 4c24 | 408b 7c24 | 4844 8b4c | 244c 448b | 4424 5848 | 8b9c 2488 | 0000 004c 
  0x000001ba32a77d20: 8bd0 e907 | eaff ffba | 3dff ffff | 4c8b 4c24 | 504c 894c | 2420 4c8b | 4c24 604c | 894c 2430 
  0x000001ba32a77d40: 4c8b 4c24 | 684c 894c | 2438 4c8b | 4c24 704c | 894c 2440 | 4c89 5c24 | 5844 8954 | 2460 4c89 
  0x000001ba32a77d60: 7424 7044 | 8944 2464 | 894c 247c 

  0x000001ba32a77d6c: ;   {runtime_call UncommonTrapBlob}
  0x000001ba32a77d6c: c5f8 77e8 

  0x000001ba32a77d70: ; ImmutableOopMap {[32]=Oop [48]=Oop [56]=Oop [64]=Oop [88]=Oop [112]=Oop [144]=Oop [152]=Oop }
                      ;*if_icmpge {reexecute=1 rethrow=0 return_oop=0}
                      ; - (reexecute) jdk.internal.util.ArraysSupport::newLength@10 (line 741)
                      ; - java.util.ArrayList::grow@27 (line 234)
                      ; - java.util.ArrayList::grow@7 (line 244)
                      ; - java.util.ArrayList::add@7 (line 483)
                      ; - java.util.ArrayList::add@20 (line 496)
                      ; - org.eclipse.osgi.internal.loader.classpath.ClasspathManager::defineClass@411 (line 777)
  0x000001ba32a77d70: 8cbc 15ff 

  0x000001ba32a77d74: ;   {other}
  0x000001ba32a77d74: 0f1f 8400 | e43a 0065 | bacc ffff | ff4c 8b5c | 2428 4c89 | 5c24 204c | 8b5c 2460 | 4c89 5c24 
  0x000001ba32a77d94: 304c 8b5c | 2468 4c89 | 5c24 384c | 8b5c 2470 | 4c89 5c24 | 4044 894c | 2458 4489 | 5424 5c44 
  0x000001ba32a77db4: 8b94 2488 | 0000 0089 | 5c24 6c44 | 8954 2470 | 4489 5424 | 7466 6690 

  0x000001ba32a77dcc: ;   {runtime_call UncommonTrapBlob}
  0x000001ba32a77dcc: c5f8 77e8 

  0x000001ba32a77dd0: ; ImmutableOopMap {[32]=Oop [48]=Oop [56]=Oop [64]=Oop [80]=Oop [112]=NarrowOop [116]=NarrowOop [120]=Oop [128]=Oop [152]=Oop }
                      ;*invokestatic arraycopy {reexecute=0 rethrow=0 return_oop=0}
                      ; - java.util.ArrayList::fastRemove@31 (line 723)
                      ; - java.util.ArrayList::remove@71 (line 711)
                      ; - org.eclipse.osgi.internal.loader.classpath.ClasspathManager::defineClass@455 (line 781)
  0x000001ba32a77dd0: 2cbc 15ff 

  0x000001ba32a77dd4: ;   {other}
  0x000001ba32a77dd4: 0f1f 8400 | 443b 0066 | bade ffff | ff48 8b6c | 2450 4489 | 5424 5890 

  0x000001ba32a77dec: ;   {runtime_call UncommonTrapBlob}
  0x000001ba32a77dec: c5f8 77e8 

  0x000001ba32a77df0: ; ImmutableOopMap {rbp=Oop [88]=NarrowOop [96]=Oop [104]=Oop [112]=Oop [120]=Oop [128]=Oop [144]=Oop }
                      ;*invokevirtual set {reexecute=0 rethrow=0 return_oop=0}
                      ; - org.eclipse.osgi.internal.loader.classpath.ClasspathManager::defineClass@44 (line 737)
  0x000001ba32a77df0: 0cbc 15ff 

  0x000001ba32a77df4: ;   {other}
  0x000001ba32a77df4: 0f1f 8400 | 643b 0067 | bae4 ffff | ff48 8b6c | 2450 4c8b | 5424 604c | 8954 2428 | 4c8b 5424 
  0x000001ba32a77e14: 684c 8954 | 2430 4c8b | 5424 704c | 8954 2438 | 4489 5c24 | 5848 894c | 2460 4489 | 4c24 6889 
  0x000001ba32a77e34: 7c24 7044 | 8944 2474 

  0x000001ba32a77e3c: ;   {runtime_call UncommonTrapBlob}
  0x000001ba32a77e3c: c5f8 77e8 

  0x000001ba32a77e40: ; ImmutableOopMap {rbp=Oop [40]=Oop [48]=Oop [56]=Oop [88]=NarrowOop [96]=Oop [112]=NarrowOop [120]=Oop [128]=Oop [144]=Oop }
                      ;*aaload {reexecute=0 rethrow=0 return_oop=0}
                      ; - java.lang.ThreadLocal$ThreadLocalMap::set@23 (line 549)
                      ; - java.lang.ThreadLocal::set@13 (line 265)
                      ; - java.lang.ThreadLocal::set@5 (line 251)
                      ; - org.eclipse.osgi.internal.loader.classpath.ClasspathManager::defineClass@44 (line 737)
  0x000001ba32a77e40: bcbb 15ff 

  0x000001ba32a77e44: ;   {other}
  0x000001ba32a77e44: 0f1f 8400 | b43b 0068 | bae4 ffff | ff48 8b6c | 2450 4c8b | 4c24 604c | 894c 2428 | 4489 5c24 
  0x000001ba32a77e64: 5089 7c24 | 5844 8944 | 245c 4c89 | 5424 6090 

  0x000001ba32a77e74: ;   {runtime_call UncommonTrapBlob}
  0x000001ba32a77e74: c5f8 77e8 

  0x000001ba32a77e78: ; ImmutableOopMap {rbp=Oop [40]=Oop [80]=NarrowOop [88]=NarrowOop [96]=Oop [104]=Oop [112]=Oop [120]=Oop [128]=Oop [144]=Oop }
                      ;*aastore {reexecute=1 rethrow=0 return_oop=0}
                      ; - (reexecute) java.lang.ThreadLocal$ThreadLocalMap::set@94 (line 563)
                      ; - java.lang.ThreadLocal::set@13 (line 265)
                      ; - java.lang.ThreadLocal::set@5 (line 251)
                      ; - org.eclipse.osgi.internal.loader.classpath.ClasspathManager::defineClass@44 (line 737)
  0x000001ba32a77e78: 84bb 15ff 

  0x000001ba32a77e7c: ;   {other}
  0x000001ba32a77e7c: 0f1f 8400 | ec3b 0069 | bae4 ffff | ff48 8b6c | 2450 4c8b | 5424 604c | 8954 2428 | 4c8b 5424 
  0x000001ba32a77e9c: 684c 8954 | 2430 4c8b | 5424 704c | 8954 2438 | 4489 5c24 | 5848 894c | 2460 4489 | 4c24 6889 
  0x000001ba32a77ebc: 7c24 7044 | 8944 2474 

  0x000001ba32a77ec4: ;   {runtime_call UncommonTrapBlob}
  0x000001ba32a77ec4: c5f8 77e8 

  0x000001ba32a77ec8: ; ImmutableOopMap {rbp=Oop [40]=Oop [48]=Oop [56]=Oop [88]=NarrowOop [96]=Oop [112]=NarrowOop [120]=Oop [128]=Oop [144]=Oop }
                      ;*aaload {reexecute=0 rethrow=0 return_oop=0}
                      ; - java.lang.ThreadLocal$ThreadLocalMap::set@76 (line 551)
                      ; - java.lang.ThreadLocal::set@13 (line 265)
                      ; - java.lang.ThreadLocal::set@5 (line 251)
                      ; - org.eclipse.osgi.internal.loader.classpath.ClasspathManager::defineClass@44 (line 737)
  0x000001ba32a77ec8: 34bb 15ff 

  0x000001ba32a77ecc: ;   {other}
  0x000001ba32a77ecc: 0f1f 8400 | 3c3c 006a | 33ed 4585 | d240 0f94 | c5ba 45ff | ffff 4c8b | 5424 504c | 8954 2420 
  0x000001ba32a77eec: 4c8b 5424 | 604c 8954 | 2430 4c8b | 5424 684c | 8954 2438 | 4489 5c24 | 6048 894c | 2468 4489 
  0x000001ba32a77f0c: 4424 6490 

  0x000001ba32a77f10: ;   {runtime_call UncommonTrapBlob}
  0x000001ba32a77f10: c5f8 77e8 

  0x000001ba32a77f14: ; ImmutableOopMap {[32]=Oop [48]=Oop [56]=Oop [96]=NarrowOop [104]=Oop [112]=Oop [120]=Oop [128]=Oop [144]=Oop }
                      ;*ifeq {reexecute=1 rethrow=0 return_oop=0}
                      ; - (reexecute) java.lang.ThreadLocal$ThreadLocalMap::set@53 (line 557)
                      ; - java.lang.ThreadLocal::set@13 (line 265)
                      ; - java.lang.ThreadLocal::set@5 (line 251)
                      ; - org.eclipse.osgi.internal.loader.classpath.ClasspathManager::defineClass@44 (line 737)
  0x000001ba32a77f14: e8ba 15ff 

  0x000001ba32a77f18: ;   {other}
  0x000001ba32a77f18: 0f1f 8400 | 883c 006b | bade ffff | ff4c 8b94 | 2480 0000 | 004c 8954 | 2428 4c8b | 5424 604c 
  0x000001ba32a77f38: 8954 2430 | 4c8b 5424 | 684c 8954 | 2438 4c8b | 5424 704c | 8954 2440 | 4c8b 5424 | 504c 8954 
  0x000001ba32a77f58: 2448 4c8b | 5424 784c | 8954 2458 | 4489 5c24 | 6c48 895c | 2478 4489 | 4424 7448 | 899c 2480 
  0x000001ba32a77f78: 0000 0090 

  0x000001ba32a77f7c: ;   {runtime_call UncommonTrapBlob}
  0x000001ba32a77f7c: c5f8 77e8 

  0x000001ba32a77f80: ; ImmutableOopMap {rbp=NarrowOop [40]=Oop [48]=Oop [56]=Oop [64]=Oop [72]=Oop [88]=Oop [108]=NarrowOop [116]=NarrowOop [120]=Oop [128]=Oop }
                      ;*checkcast {reexecute=0 rethrow=0 return_oop=0}
                      ; - java.lang.ClassLoader::getDefinedPackage@16 (line 2263)
                      ; - java.lang.ClassLoader::getPackage@2 (line 2333)
                      ; - org.eclipse.osgi.internal.loader.ModuleClassLoader::publicGetPackage@9 (line 330)
                      ; - org.eclipse.osgi.internal.loader.classpath.ClasspathManager::definePackage@26 (line 825)
                      ; - org.eclipse.osgi.internal.loader.classpath.ClasspathManager::defineClass@9 (line 733)
  0x000001ba32a77f80: 7cba 15ff 

  0x000001ba32a77f84: ;   {other}
  0x000001ba32a77f84: 0f1f 8400 | f43c 006c | bade ffff | ff48 8b6c | 2450 488b | 4c24 6048 | 894c 2428 | 488b 4c24 
  0x000001ba32a77fa4: 6848 894c | 2430 488b | 4c24 7048 | 894c 2438 | 4c89 5c24 | 5044 8954 | 2458 4489 | 4c24 5c44 
  0x000001ba32a77fc4: 8944 2460 | 4c89 5c24 | 6889 5c24 | 7066 6690 

  0x000001ba32a77fd4: ;   {runtime_call UncommonTrapBlob}
  0x000001ba32a77fd4: c5f8 77e8 

  0x000001ba32a77fd8: ; ImmutableOopMap {rbp=Oop [40]=Oop [48]=Oop [56]=Oop [80]=Oop [92]=NarrowOop [104]=Oop [112]=NarrowOop [144]=Oop [152]=Oop }
                      ;*instanceof {reexecute=0 rethrow=0 return_oop=0}
                      ; - java.lang.String::equals@8 (line 1863)
                      ; - java.util.ArrayList::indexOfRange@54 (line 299)
                      ; - java.util.ArrayList::indexOf@7 (line 286)
                      ; - java.util.ArrayList::contains@2 (line 275)
                      ; - org.eclipse.osgi.internal.loader.classpath.ClasspathManager::defineClass@319 (line 773)
  0x000001ba32a77fd8: 24ba 15ff 

  0x000001ba32a77fdc: ;   {other}
  0x000001ba32a77fdc: 0f1f 8400 | 4c3d 006d | bade ffff | ff48 8b6c | 2428 4c8b | 5c24 604c | 895c 2428 | 4c8b 5c24 
  0x000001ba32a77ffc: 684c 895c | 2430 4c8b | 5c24 704c | 895c 2438 | 4c8b 5c24 | 504c 895c | 2448 4889 | 7c24 5044 
  0x000001ba32a7801c: 896c 2458 | 4489 5424 | 5c48 897c | 2460 894c | 246c 4c8b | 5424 784c | 8954 2470 

  0x000001ba32a78038: ;   {runtime_call UncommonTrapBlob}
  0x000001ba32a78038: c5f8 77e8 

  0x000001ba32a7803c: ; ImmutableOopMap {rbp=Oop [40]=Oop [48]=Oop [56]=Oop [72]=Oop [80]=Oop [96]=Oop [108]=NarrowOop [112]=Oop [136]=NarrowOop [152]=Oop }
                      ;*instanceof {reexecute=0 rethrow=0 return_oop=0}
                      ; - java.lang.String::equals@8 (line 1863)
                      ; - java.util.ArrayList::remove@50 (line 706)
                      ; - org.eclipse.osgi.internal.loader.classpath.ClasspathManager::defineClass@455 (line 781)
  0x000001ba32a7803c: c0b9 15ff 

  0x000001ba32a78040: ;   {other}
  0x000001ba32a78040: 0f1f 8400 | b03d 006e | bade ffff | ff4c 894c | 2448 6690 

  0x000001ba32a78054: ;   {runtime_call UncommonTrapBlob}
  0x000001ba32a78054: c5f8 77e8 

  0x000001ba32a78058: ; ImmutableOopMap {[72]=Oop [80]=Oop [96]=Oop [104]=Oop [112]=Oop [120]=Oop [128]=Oop }
                      ;*checkcast {reexecute=0 rethrow=0 return_oop=0}
                      ; - org.eclipse.osgi.internal.loader.classpath.ClasspathManager::defineClass@19 (line 734)
  0x000001ba32a78058: a4b9 15ff 

  0x000001ba32a7805c: ;   {other}
  0x000001ba32a7805c: 0f1f 8400 | cc3d 006f | bade ffff | ff4c 8b8c | 2480 0000 | 004c 894c | 2428 4c8b | 4c24 604c 
  0x000001ba32a7807c: 894c 2430 | 4c8b 4c24 | 684c 894c | 2438 4c8b | 4c24 704c | 894c 2440 | 4c8b 4c24 | 504c 894c 
  0x000001ba32a7809c: 2448 4c8b | 4c24 784c | 894c 2458 | 4489 5c24 | 6c48 895c | 2478 4489 | 4424 7448 | 899c 2480 
  0x000001ba32a780bc: 0000 0044 | 8994 2488 | 0000 0090 

  0x000001ba32a780c8: ;   {runtime_call UncommonTrapBlob}
  0x000001ba32a780c8: c5f8 77e8 

  0x000001ba32a780cc: ; ImmutableOopMap {rbp=NarrowOop [40]=Oop [48]=Oop [56]=Oop [64]=Oop [72]=Oop [88]=Oop [108]=NarrowOop [116]=NarrowOop [120]=Oop [128]=Oop [136]=NarrowOop }
                      ;*checkcast {reexecute=0 rethrow=0 return_oop=0}
                      ; - java.lang.ClassLoader::definePackage@50 (line 2125)
                      ; - java.lang.ClassLoader::getDefinedPackage@32 (line 2267)
                      ; - java.lang.ClassLoader::getPackage@2 (line 2333)
                      ; - org.eclipse.osgi.internal.loader.ModuleClassLoader::publicGetPackage@9 (line 330)
                      ; - org.eclipse.osgi.internal.loader.classpath.ClasspathManager::definePackage@26 (line 825)
                      ; - org.eclipse.osgi.internal.loader.classpath.ClasspathManager::defineClass@9 (line 733)
  0x000001ba32a780cc: 30b9 15ff 

  0x000001ba32a780d0: ;   {other}
  0x000001ba32a780d0: 0f1f 8400 | 403e 0070 | baf4 ffff | ff48 8b6c | 2450 4c8b | 9424 9800 | 0000 4c89 | 5424 4090 
  0x000001ba32a780f0: ;   {runtime_call UncommonTrapBlob}
  0x000001ba32a780f0: c5f8 77e8 

  0x000001ba32a780f4: ; ImmutableOopMap {rbp=Oop [64]=Oop [96]=Oop [104]=Oop [112]=Oop [128]=Oop [144]=Oop [160]=Oop }
                      ;*checkcast {reexecute=0 rethrow=0 return_oop=0}
                      ; - org.eclipse.osgi.internal.loader.classpath.ClasspathManager::defineClass@275 (line 764)
  0x000001ba32a780f4: 08b9 15ff 

  0x000001ba32a780f8: ;   {other}
  0x000001ba32a780f8: 0f1f 8400 | 683e 0071 | baf4 ffff | ff48 8b6c | 2428 4c8b | 5424 584c | 8954 2450 

  0x000001ba32a78114: ;   {runtime_call UncommonTrapBlob}
  0x000001ba32a78114: c5f8 77e8 

  0x000001ba32a78118: ; ImmutableOopMap {rbp=Oop [64]=Oop [72]=Oop [80]=Oop [96]=Oop [104]=Oop [112]=Oop [128]=Oop [152]=Oop }
                      ;*checkcast {reexecute=0 rethrow=0 return_oop=0}
                      ; - org.eclipse.osgi.internal.loader.classpath.ClasspathManager::defineClass@593 (line 788)
  0x000001ba32a78118: e4b8 15ff 

  0x000001ba32a7811c: ;   {other}
  0x000001ba32a7811c: 0f1f 8400 | 8c3e 0072 | baf6 ffff | ff48 8b6c | 2450 6690 

  0x000001ba32a78130: ;   {runtime_call UncommonTrapBlob}
  0x000001ba32a78130: c5f8 77e8 

  0x000001ba32a78134: ; ImmutableOopMap {rbp=Oop [96]=Oop [104]=Oop [112]=Oop [120]=Oop [128]=Oop }
                      ;*invokevirtual lastIndexOf {reexecute=0 rethrow=0 return_oop=0}
                      ; - org.eclipse.osgi.internal.loader.classpath.ClasspathManager::definePackage@3 (line 820)
                      ; - org.eclipse.osgi.internal.loader.classpath.ClasspathManager::defineClass@9 (line 733)
  0x000001ba32a78134: c8b8 15ff 

  0x000001ba32a78138: ;   {other}
  0x000001ba32a78138: 0f1f 8400 | a83e 0073 | baf6 ffff | ff48 8b6c | 2450 6690 

  0x000001ba32a7814c: ;   {runtime_call UncommonTrapBlob}
  0x000001ba32a7814c: c5f8 77e8 

  0x000001ba32a78150: ; ImmutableOopMap {rbp=Oop [96]=Oop [104]=Oop [112]=Oop [120]=Oop [128]=Oop }
                      ;*arraylength {reexecute=0 rethrow=0 return_oop=0}
                      ; - java.lang.String::length@4 (line 1519)
                      ; - java.lang.String::lastIndexOf@3 (line 2535)
                      ; - org.eclipse.osgi.internal.loader.classpath.ClasspathManager::definePackage@3 (line 820)
                      ; - org.eclipse.osgi.internal.loader.classpath.ClasspathManager::defineClass@9 (line 733)
  0x000001ba32a78150: acb8 15ff 

  0x000001ba32a78154: ;   {other}
  0x000001ba32a78154: 0f1f 8400 | c43e 0074 | baf6 ffff | ff49 8bea 

  0x000001ba32a78164: ;   {runtime_call UncommonTrapBlob}
  0x000001ba32a78164: c5f8 77e8 

  0x000001ba32a78168: ; ImmutableOopMap {rbp=Oop [96]=Oop [104]=Oop [112]=Oop [120]=Oop [128]=Oop [136]=Oop }
                      ;*invokevirtual publicGetPackage {reexecute=0 rethrow=0 return_oop=0}
                      ; - org.eclipse.osgi.internal.loader.classpath.ClasspathManager::definePackage@26 (line 825)
                      ; - org.eclipse.osgi.internal.loader.classpath.ClasspathManager::defineClass@9 (line 733)
  0x000001ba32a78168: 94b8 15ff 

  0x000001ba32a7816c: ;   {other}
  0x000001ba32a7816c: 0f1f 8400 | dc3e 0075 | baf6 ffff | ff66 6690 

  0x000001ba32a7817c: ;   {runtime_call UncommonTrapBlob}
  0x000001ba32a7817c: c5f8 77e8 

  0x000001ba32a78180: ; ImmutableOopMap {[80]=Oop [96]=Oop [104]=Oop [112]=Oop [120]=Oop [128]=Oop }
                      ;*invokevirtual get {reexecute=0 rethrow=0 return_oop=0}
                      ; - org.eclipse.osgi.internal.loader.classpath.ClasspathManager::defineClass@16 (line 734)
  0x000001ba32a78180: 7cb8 15ff 

  0x000001ba32a78184: ;   {other}
  0x000001ba32a78184: 0f1f 8400 | f43e 0076 | baf6 ffff | ff66 6690 

  0x000001ba32a78194: ;   {runtime_call UncommonTrapBlob}
  0x000001ba32a78194: c5f8 77e8 

  0x000001ba32a78198: ; ImmutableOopMap {[80]=Oop [96]=Oop [104]=Oop [112]=Oop [120]=Oop [128]=Oop [144]=Oop }
                      ;*invokevirtual getContainer {reexecute=0 rethrow=0 return_oop=0}
                      ; - org.eclipse.osgi.internal.loader.classpath.ClasspathManager::defineClass@51 (line 741)
  0x000001ba32a78198: 64b8 15ff 

  0x000001ba32a7819c: ;   {other}
  0x000001ba32a7819c: 0f1f 8400 | 0c3f 0077 | baf6 ffff | ff66 6690 

  0x000001ba32a781ac: ;   {runtime_call UncommonTrapBlob}
  0x000001ba32a781ac: c5f8 77e8 

  0x000001ba32a781b0: ; ImmutableOopMap {[80]=Oop [96]=Oop [104]=Oop [112]=Oop [120]=Oop [128]=Oop [144]=Oop }
                      ;*invokevirtual isProcessClassRecursionSupportedByAll {reexecute=0 rethrow=0 return_oop=0}
                      ; - org.eclipse.osgi.internal.loader.classpath.ClasspathManager::defineClass@54 (line 741)
  0x000001ba32a781b0: 4cb8 15ff 

  0x000001ba32a781b4: ;   {other}
  0x000001ba32a781b4: 0f1f 8400 | 243f 0078 | baf6 ffff | ff66 6690 

  0x000001ba32a781c4: ;   {runtime_call UncommonTrapBlob}
  0x000001ba32a781c4: c5f8 77e8 

  0x000001ba32a781c8: ; ImmutableOopMap {[80]=Oop [96]=Oop [104]=Oop [112]=Oop [128]=Oop [144]=Oop }
                      ;*invokeinterface iterator {reexecute=0 rethrow=0 return_oop=0}
                      ; - org.eclipse.osgi.internal.loader.classpath.ClasspathManager::defineClass@258 (line 764)
  0x000001ba32a781c8: 34b8 15ff 

  0x000001ba32a781cc: ;   {other}
  0x000001ba32a781cc: 0f1f 8400 | 3c3f 0079 | baf6 ffff | ff48 8b6c | 2450 6690 

  0x000001ba32a781e0: ;   {runtime_call UncommonTrapBlob}
  0x000001ba32a781e0: c5f8 77e8 

  0x000001ba32a781e4: ; ImmutableOopMap {rbp=Oop [96]=Oop [104]=Oop [112]=Oop [128]=Oop [144]=Oop [152]=Oop }
                      ;*invokeinterface contains {reexecute=0 rethrow=0 return_oop=0}
                      ; - org.eclipse.osgi.internal.loader.classpath.ClasspathManager::defineClass@319 (line 773)
  0x000001ba32a781e4: 18b8 15ff 

  0x000001ba32a781e8: ;   {other}
  0x000001ba32a781e8: 0f1f 8400 | 583f 007a | baf6 ffff | ff4c 895c | 2420 6690 

  0x000001ba32a781fc: ;   {runtime_call UncommonTrapBlob}
  0x000001ba32a781fc: c5f8 77e8 

  0x000001ba32a78200: ; ImmutableOopMap {[32]=Oop [80]=Oop [96]=Oop [104]=Oop [112]=Oop [144]=Oop [152]=Oop }
                      ;*arraylength {reexecute=0 rethrow=0 return_oop=0}
                      ; - java.util.ArrayList::add@2 (line 482)
                      ; - java.util.ArrayList::add@20 (line 496)
                      ; - org.eclipse.osgi.internal.loader.classpath.ClasspathManager::defineClass@411 (line 777)
  0x000001ba32a78200: fcb7 15ff 

  0x000001ba32a78204: ;   {other}
  0x000001ba32a78204: 0f1f 8400 | 743f 007b | baf6 ffff | ff48 8b6c | 2450 4c8b | 5424 684c | 8954 2430 | 4c89 5c24 
  0x000001ba32a78224: 504c 8b54 | 2460 4c89 | 5424 5890 

  0x000001ba32a78230: ;   {runtime_call UncommonTrapBlob}
  0x000001ba32a78230: c5f8 77e8 

  0x000001ba32a78234: ; ImmutableOopMap {rbp=Oop [48]=Oop [80]=Oop [88]=Oop [112]=Oop [144]=Oop [152]=Oop }
                      ;*invokevirtual defineClass {reexecute=0 rethrow=0 return_oop=0}
                      ; - org.eclipse.osgi.internal.loader.classpath.ClasspathManager::defineClass@424 (line 779)
  0x000001ba32a78234: c8b7 15ff 

  0x000001ba32a78238: ;   {other}
  0x000001ba32a78238: 0f1f 8400 | a83f 007c | baf6 ffff | ff48 8b6c | 2428 4c8b | 5424 684c | 8954 2430 | 4c8b 5424 
  0x000001ba32a78258: 704c 8954 | 2438 4889 | 7424 504c | 8b54 2460 | 4c89 5424 | 584c 8944 | 2478 6690 

  0x000001ba32a78274: ;   {runtime_call UncommonTrapBlob}
  0x000001ba32a78274: c5f8 77e8 

  0x000001ba32a78278: ; ImmutableOopMap {rbp=Oop [48]=Oop [56]=Oop [80]=Oop [88]=Oop [120]=Oop [128]=Oop [136]=NarrowOop [144]=Oop [152]=Oop }
                      ;*arraylength {reexecute=0 rethrow=0 return_oop=0}
                      ; - java.lang.String::isEmpty@4 (line 1532)
                      ; - java.lang.ClassLoader::checkName@5 (line 1155)
                      ; - java.lang.ClassLoader::findLoadedClass@1 (line 1298)
                      ; - org.eclipse.osgi.internal.loader.ModuleClassLoader::defineClass@17 (line 313)
                      ; - org.eclipse.osgi.internal.loader.classpath.ClasspathManager::defineClass@424 (line 779)
  0x000001ba32a78278: 84b7 15ff 

  0x000001ba32a7827c: ;   {other}
  0x000001ba32a7827c: 0f1f 8400 | ec3f 007d | baf6 ffff | ff48 8b6c | 2428 4c8b | 9424 8000 | 0000 4c89 | 5424 2048 
  0x000001ba32a7829c: 895c 2448 

  0x000001ba32a782a0: ;   {runtime_call UncommonTrapBlob}
  0x000001ba32a782a0: c5f8 77e8 

  0x000001ba32a782a4: ; ImmutableOopMap {rbp=Oop [32]=Oop [72]=Oop [96]=Oop [104]=Oop [112]=Oop [152]=Oop }
                      ;*invokeinterface remove {reexecute=0 rethrow=0 return_oop=0}
                      ; - org.eclipse.osgi.internal.loader.classpath.ClasspathManager::defineClass@455 (line 781)
  0x000001ba32a782a4: 58b7 15ff 

  0x000001ba32a782a8: ;   {other}
  0x000001ba32a782a8: 0f1f 8400 | 1840 007e | baf6 ffff | ff66 6690 

  0x000001ba32a782b8: ;   {runtime_call UncommonTrapBlob}
  0x000001ba32a782b8: c5f8 77e8 

  0x000001ba32a782bc: ; ImmutableOopMap {[80]=Oop [96]=Oop [104]=Oop [112]=Oop [120]=Oop [128]=Oop }
                      ;*arraylength {reexecute=0 rethrow=0 return_oop=0}
                      ; - java.lang.ThreadLocal$ThreadLocalMap::getEntry@8 (line 499)
                      ; - java.lang.ThreadLocal::get@12 (line 187)
                      ; - java.lang.ThreadLocal::get@4 (line 172)
                      ; - org.eclipse.osgi.internal.loader.classpath.ClasspathManager::defineClass@16 (line 734)
  0x000001ba32a782bc: 40b7 15ff 

  0x000001ba32a782c0: ;   {other}
  0x000001ba32a782c0: 0f1f 8400 | 3040 007f | baf6 ffff | ff48 8b6c | 2428 4c8b | 5424 684c | 8954 2430 | 4c8b 5424 
  0x000001ba32a782e0: 704c 8954 | 2438 4889 | 7424 504c | 8b54 2460 | 4c89 5424 | 584c 8944 | 2478 6690 

  0x000001ba32a782fc: ;   {runtime_call UncommonTrapBlob}
  0x000001ba32a782fc: c5f8 77e8 

  0x000001ba32a78300: ; ImmutableOopMap {rbp=Oop [48]=Oop [56]=Oop [80]=Oop [88]=Oop [120]=Oop [136]=NarrowOop [144]=Oop [152]=Oop }
                      ;*arraylength {reexecute=0 rethrow=0 return_oop=0}
                      ; - java.lang.StringLatin1::charAt@2 (line 46)
                      ; - java.lang.String::charAt@12 (line 1555)
                      ; - java.lang.ClassLoader::checkName@25 (line 1157)
                      ; - java.lang.ClassLoader::findLoadedClass@1 (line 1298)
                      ; - org.eclipse.osgi.internal.loader.ModuleClassLoader::defineClass@17 (line 313)
                      ; - org.eclipse.osgi.internal.loader.classpath.ClasspathManager::defineClass@424 (line 779)
  0x000001ba32a78300: fcb6 15ff 

  0x000001ba32a78304: ;   {other}
  0x000001ba32a78304: 0f1f 8400 | 7440 0080 | baf6 ffff | ff48 8b6c | 2428 4c8b | 9c24 8000 | 0000 48ff | 7424 6048 
  0x000001ba32a78324: 8f44 2428 | 4c8b 5424 | 384c 8954 | 2430 4c8b | 5424 704c | 8954 2438 | 4c89 5c24 | 584c 8b94 
  0x000001ba32a78344: 24a0 0000 | 004c 8954 | 2470 6690 

  0x000001ba32a78350: ;   {runtime_call UncommonTrapBlob}
  0x000001ba32a78350: c5f8 77e8 

  0x000001ba32a78354: ; ImmutableOopMap {rbp=Oop [40]=Oop [48]=Oop [56]=Oop [88]=Oop [112]=Oop [128]=Oop [136]=NarrowOop [144]=Oop [152]=Oop [160]=Oop }
                      ;*arraylength {reexecute=0 rethrow=0 return_oop=0}
                      ; - org.eclipse.osgi.internal.loader.ModuleClassLoader::defineClass@32 (line 315)
                      ; - org.eclipse.osgi.internal.loader.classpath.ClasspathManager::defineClass@424 (line 779)
  0x000001ba32a78354: a8b6 15ff 

  0x000001ba32a78358: ;   {other}
  0x000001ba32a78358: 0f1f 8400 | c840 0081 | baf6 ffff | ff48 8b6c | 2428 4c8b | 8424 8000 | 0000 4c89 | 5c24 304c 
  0x000001ba32a78378: 8b5c 2470 | 4c89 5c24 | 384c 8944 | 2450 48ff | 7424 6048 | 8f44 2458 | 4c8b 9424 | a000 0000 
  0x000001ba32a78398: 4c89 5424 | 6089 7424 | 6c66 6690 

  0x000001ba32a783a4: ;   {runtime_call UncommonTrapBlob}
  0x000001ba32a783a4: c5f8 77e8 

  0x000001ba32a783a8: ; ImmutableOopMap {rbp=Oop [48]=Oop [56]=Oop [80]=Oop [88]=Oop [96]=Oop [128]=Oop [136]=NarrowOop [144]=Oop [152]=Oop }
                      ;*invokevirtual getDomain {reexecute=0 rethrow=0 return_oop=0}
                      ; - org.eclipse.osgi.internal.loader.ModuleClassLoader::defineClass@34 (line 315)
                      ; - org.eclipse.osgi.internal.loader.classpath.ClasspathManager::defineClass@424 (line 779)
  0x000001ba32a783a8: 54b6 15ff 

  0x000001ba32a783ac: ;   {other}
  0x000001ba32a783ac: 0f1f 8400 | 1c41 0082 | baf6 ffff | ff48 8b6c | 2450 4c8b | 5424 604c | 8954 2428 | 4c8b 5424 
  0x000001ba32a783cc: 684c 8954 | 2430 4889 | 5c24 5844 | 895c 2464 

  0x000001ba32a783dc: ;   {runtime_call UncommonTrapBlob}
  0x000001ba32a783dc: c5f8 77e8 

  0x000001ba32a783e0: ; ImmutableOopMap {rbp=Oop [40]=Oop [48]=Oop [88]=Oop [100]=NarrowOop [112]=Oop [120]=Oop [128]=Oop }
                      ;*arraylength {reexecute=0 rethrow=0 return_oop=0}
                      ; - java.lang.String::isEmpty@4 (line 1532)
                      ; - java.lang.ClassLoader::definePackage@1 (line 2120)
                      ; - java.lang.ClassLoader::getDefinedPackage@32 (line 2267)
                      ; - java.lang.ClassLoader::getPackage@2 (line 2333)
                      ; - org.eclipse.osgi.internal.loader.ModuleClassLoader::publicGetPackage@9 (line 330)
                      ; - org.eclipse.osgi.internal.loader.classpath.ClasspathManager::definePackage@26 (line 825)
                      ; - org.eclipse.osgi.internal.loader.classpath.ClasspathManager::defineClass@9 (line 733)
  0x000001ba32a783e0: 1cb6 15ff 

  0x000001ba32a783e4: ;   {other}
  0x000001ba32a783e4: 0f1f 8400 | 5441 0083 | baf6 ffff | ff66 6690 

  0x000001ba32a783f4: ;   {runtime_call UncommonTrapBlob}
  0x000001ba32a783f4: c5f8 77e8 

  0x000001ba32a783f8: ; ImmutableOopMap {[80]=Oop [96]=Oop [104]=Oop [112]=Oop [120]=Oop [128]=Oop }
                      ;*invokevirtual getBundleInfo {reexecute=0 rethrow=0 return_oop=0}
                      ; - org.eclipse.osgi.internal.loader.classpath.ClasspathManager::definePackage@59 (line 834)
                      ; - org.eclipse.osgi.internal.loader.classpath.ClasspathManager::defineClass@9 (line 733)
  0x000001ba32a783f8: 04b6 15ff 

  0x000001ba32a783fc: ;   {other}
  0x000001ba32a783fc: 0f1f 8400 | 6c41 0084 | baf6 ffff | ff66 6690 

  0x000001ba32a7840c: ;   {runtime_call UncommonTrapBlob}
  0x000001ba32a7840c: c5f8 77e8 

  0x000001ba32a78410: ; ImmutableOopMap {[80]=Oop [96]=Oop [104]=Oop [112]=Oop [120]=Oop [128]=Oop }
                      ;*invokevirtual getStorage {reexecute=0 rethrow=0 return_oop=0}
                      ; - org.eclipse.osgi.internal.loader.classpath.ClasspathManager::definePackage@62 (line 834)
                      ; - org.eclipse.osgi.internal.loader.classpath.ClasspathManager::defineClass@9 (line 733)
  0x000001ba32a78410: ecb5 15ff 

  0x000001ba32a78414: ;   {other}
  0x000001ba32a78414: 0f1f 8400 | 8441 0085 | baf6 ffff | ff66 6690 

  0x000001ba32a78424: ;   {runtime_call UncommonTrapBlob}
  0x000001ba32a78424: c5f8 77e8 

  0x000001ba32a78428: ; ImmutableOopMap {[80]=Oop [96]=Oop [104]=Oop [112]=Oop [120]=Oop [128]=Oop }
                      ;*invokevirtual getConfiguration {reexecute=0 rethrow=0 return_oop=0}
                      ; - org.eclipse.osgi.internal.loader.classpath.ClasspathManager::definePackage@65 (line 834)
                      ; - org.eclipse.osgi.internal.loader.classpath.ClasspathManager::defineClass@9 (line 733)
  0x000001ba32a78428: d4b5 15ff 

  0x000001ba32a7842c: ;   {other}
  0x000001ba32a7842c: 0f1f 8400 | 9c41 0086 | baf6 ffff | ff66 6690 

  0x000001ba32a7843c: ;   {runtime_call UncommonTrapBlob}
  0x000001ba32a7843c: c5f8 77e8 

  0x000001ba32a78440: ; ImmutableOopMap {[80]=Oop [96]=Oop [104]=Oop [112]=Oop [120]=Oop [128]=Oop }
                      ;*invokevirtual getConfiguration {reexecute=0 rethrow=0 return_oop=0}
                      ; - org.eclipse.osgi.storage.Storage::getConfiguration@4 (line 600)
                      ; - org.eclipse.osgi.internal.loader.classpath.ClasspathManager::definePackage@65 (line 834)
                      ; - org.eclipse.osgi.internal.loader.classpath.ClasspathManager::defineClass@9 (line 733)
  0x000001ba32a78440: bcb5 15ff 

  0x000001ba32a78444: ;   {other}
  0x000001ba32a78444: 0f1f 8400 | b441 0087 | baf6 ffff | ff66 6690 

  0x000001ba32a78454: ;   {runtime_call UncommonTrapBlob}
  0x000001ba32a78454: c5f8 77e8 

  0x000001ba32a78458: ; ImmutableOopMap {[80]=Oop [96]=Oop [104]=Oop [112]=Oop [120]=Oop [128]=Oop }
                      ;*getfield DEFINE_PACKAGE_ATTRIBUTES {reexecute=1 rethrow=0 return_oop=0}
                      ; - (reexecute) org.eclipse.osgi.internal.loader.classpath.ClasspathManager::definePackage@68 (line 834)
                      ; - org.eclipse.osgi.internal.loader.classpath.ClasspathManager::defineClass@9 (line 733)
  0x000001ba32a78458: a4b5 15ff 

  0x000001ba32a7845c: ;   {other}
  0x000001ba32a7845c: 0f1f 8400 | cc41 0088 | baf6 ffff | ff66 6690 

  0x000001ba32a7846c: ;   {runtime_call UncommonTrapBlob}
  0x000001ba32a7846c: c5f8 77e8 

  0x000001ba32a78470: ; ImmutableOopMap {[80]=Oop [96]=Oop [104]=Oop [112]=Oop [120]=Oop [128]=Oop }
                      ;*invokevirtual getSpecification {reexecute=0 rethrow=0 return_oop=0}
                      ; - org.eclipse.osgi.internal.loader.classpath.ClasspathManager::definePackage@84 (line 837)
                      ; - org.eclipse.osgi.internal.loader.classpath.ClasspathManager::defineClass@9 (line 733)
  0x000001ba32a78470: 8cb5 15ff 

  0x000001ba32a78474: ;   {other}
  0x000001ba32a78474: 0f1f 8400 | e441 0089 | baf6 ffff | ff66 6690 

  0x000001ba32a78484: ;   {runtime_call UncommonTrapBlob}
  0x000001ba32a78484: c5f8 77e8 

  0x000001ba32a78488: ; ImmutableOopMap {[80]=Oop [96]=Oop [104]=Oop [112]=Oop [120]=Oop [128]=Oop }
                      ;*invokevirtual getTitle {reexecute=0 rethrow=0 return_oop=0}
                      ; - org.eclipse.osgi.internal.loader.classpath.ClasspathManager::definePackage@98 (line 839)
                      ; - org.eclipse.osgi.internal.loader.classpath.ClasspathManager::defineClass@9 (line 733)
  0x000001ba32a78488: 74b5 15ff 

  0x000001ba32a7848c: ;   {other}
  0x000001ba32a7848c: 0f1f 8400 | fc41 008a | baf6 ffff | ff66 6690 

  0x000001ba32a7849c: ;   {runtime_call UncommonTrapBlob}
  0x000001ba32a7849c: c5f8 77e8 

  0x000001ba32a784a0: ; ImmutableOopMap {[80]=Oop [96]=Oop [104]=Oop [112]=Oop [120]=Oop [128]=Oop }
                      ;*invokevirtual getTitle {reexecute=0 rethrow=0 return_oop=0}
                      ; - org.eclipse.osgi.internal.loader.classpath.ClasspathManager::definePackage@119 (line 842)
                      ; - org.eclipse.osgi.internal.loader.classpath.ClasspathManager::defineClass@9 (line 733)
  0x000001ba32a784a0: 5cb5 15ff 

  0x000001ba32a784a4: ;   {other}
  0x000001ba32a784a4: 0f1f 8400 | 1442 008b | baf4 ffff | ff66 6690 

  0x000001ba32a784b4: ;   {runtime_call UncommonTrapBlob}
  0x000001ba32a784b4: c5f8 77e8 

  0x000001ba32a784b8: ; ImmutableOopMap {rbp=Oop [32]=Oop [40]=Oop [48]=Oop [96]=Oop [104]=Oop [112]=Oop }
                      ;*checkcast {reexecute=0 rethrow=0 return_oop=0}
                      ; - org.eclipse.osgi.internal.loader.classpath.ClasspathManager::defineClass@514 (line 788)
  0x000001ba32a784b8: 44b5 15ff 

  0x000001ba32a784bc: ;   {other}
  0x000001ba32a784bc: 0f1f 8400 | 2c42 008c | baf6 ffff | ff48 8b6c | 2450 6690 

  0x000001ba32a784d0: ;   {runtime_call UncommonTrapBlob}
  0x000001ba32a784d0: c5f8 77e8 

  0x000001ba32a784d4: ; ImmutableOopMap {rbp=Oop [96]=Oop [104]=Oop [112]=Oop [120]=Oop [128]=Oop [144]=Oop }
                      ;*invokevirtual set {reexecute=0 rethrow=0 return_oop=0}
                      ; - org.eclipse.osgi.internal.loader.classpath.ClasspathManager::defineClass@44 (line 737)
  0x000001ba32a784d4: 28b5 15ff 

  0x000001ba32a784d8: ;   {other}
  0x000001ba32a784d8: 0f1f 8400 | 4842 008d | baf6 ffff | ff66 6690 

  0x000001ba32a784e8: ;   {runtime_call UncommonTrapBlob}
  0x000001ba32a784e8: c5f8 77e8 

  0x000001ba32a784ec: ; ImmutableOopMap {[80]=Oop [96]=Oop [104]=Oop [112]=Oop [120]=Oop [128]=Oop [144]=Oop }
                      ;*arraylength {reexecute=0 rethrow=0 return_oop=0}
                      ; - java.lang.ThreadLocal$ThreadLocalMap::set@6 (line 546)
                      ; - java.lang.ThreadLocal::set@13 (line 265)
                      ; - java.lang.ThreadLocal::set@5 (line 251)
                      ; - org.eclipse.osgi.internal.loader.classpath.ClasspathManager::defineClass@44 (line 737)
  0x000001ba32a784ec: 10b5 15ff 

  0x000001ba32a784f0: ;   {other}
  0x000001ba32a784f0: 0f1f 8400 | 6042 008e | ba97 ffff | ff48 8b6c | 2450 4c8b | 5424 604c | 8954 2428 | 4c8b 5424 
  0x000001ba32a78510: 684c 8954 | 2430 448b | 5424 5844 | 8954 2450 | 4c8b 9424 | 8800 0000 | 4c89 5424 | 6866 6690 
  0x000001ba32a78530: ;   {runtime_call UncommonTrapBlob}
  0x000001ba32a78530: c5f8 77e8 

  0x000001ba32a78534: ; ImmutableOopMap {rbp=Oop [32]=Oop [40]=Oop [48]=Oop [80]=NarrowOop [104]=Oop [112]=Oop [120]=Oop [136]=Oop }
                      ;*invokevirtual clone {reexecute=1 rethrow=0 return_oop=0}
                      ; - (reexecute) java.util.Arrays::copyOfRange@18 (line 3856)
                      ; - java.lang.StringLatin1::newString@16 (line 752)
                      ; - java.lang.String::substring@41 (line 2839)
                      ; - org.eclipse.osgi.internal.loader.classpath.ClasspathManager::definePackage@15 (line 824)
                      ; - org.eclipse.osgi.internal.loader.classpath.ClasspathManager::defineClass@9 (line 733)
  0x000001ba32a78534: c8b4 15ff 

  0x000001ba32a78538: ;   {other}
  0x000001ba32a78538: 0f1f 8400 | a842 008f | baf6 ffff | ff66 6690 

  0x000001ba32a78548: ;   {runtime_call UncommonTrapBlob}
  0x000001ba32a78548: c5f8 77e8 

  0x000001ba32a7854c: ; ImmutableOopMap {[32]=Oop [80]=Oop [96]=Oop [104]=Oop [112]=Oop [128]=Oop }
                      ;*invokeinterface iterator {reexecute=0 rethrow=0 return_oop=0}
                      ; - org.eclipse.osgi.internal.loader.classpath.ClasspathManager::defineClass@497 (line 788)
  0x000001ba32a7854c: b0b4 15ff 

  0x000001ba32a78550: ;   {other}
  0x000001ba32a78550: 0f1f 8400 | c042 0090 | baf6 ffff | ff48 8b6c | 2428 6690 

  0x000001ba32a78564: ;   {runtime_call UncommonTrapBlob}
  0x000001ba32a78564: c5f8 77e8 

  0x000001ba32a78568: ; ImmutableOopMap {rbp=Oop [32]=Oop [96]=Oop [104]=Oop [112]=Oop [128]=Oop [152]=Oop }
                      ;*invokeinterface remove {reexecute=0 rethrow=0 return_oop=0}
                      ; - org.eclipse.osgi.internal.loader.classpath.ClasspathManager::defineClass@440 (line 781)
  0x000001ba32a78568: 94b4 15ff 

  0x000001ba32a7856c: ;   {other}
  0x000001ba32a7856c: 0f1f 8400 | dc42 0091 | e984 0000 | 00e9 ca00 | 0000 4889 | 4424 204c | 8b54 2428 | 4c89 5424 
  0x000001ba32a7858c: 50e9 3003 | 0000 4889 | ac24 8000 | 0000 4c8b | 5424 204c | 8954 2450 | eb28 4889 | ac24 8000 
  0x000001ba32a785ac: 0000 4c8b | 5424 204c | 8954 2450 | eb14 4889 | ac24 8000 | 0000 4c8b | 5424 204c | 8954 2450 
  0x000001ba32a785cc: eb00 4889 | 4424 20e9 | ea02 0000 | eb23 eb21 | e991 0000 | 0048 8944 | 2420 4c8b | 5424 284c 
  0x000001ba32a785ec: 8954 2450 | e9cd 0200 | 0048 8bd8 | e986 0100 | 0048 8944 | 2420 4c8b | 5424 284c | 8994 2480 
  0x000001ba32a7860c: 0000 004c | 8b54 2430 | 4c89 5424 | 50e9 a402 | 0000 488b | d8e9 5d01 | 0000 4889 | 4424 20e9 
  0x000001ba32a7862c: 1402 0000 | 488b d8e9 | 5d01 0000 | 488b d8e9 | 5501 0000 | 488b d0e9 | f503 0000 | 488b d0e9 
  0x000001ba32a7864c: ed03 0000 | 488b d0e9 | e503 0000 | 488b d0e9 | dd03 0000 | 488b d0e9 | d503 0000 

  0x000001ba32a78668: ;   {no_reloc}
  0x000001ba32a78668: 488b d8e9 | 2501 0000 | eb4a 4889 | 4424 204c | 8b54 2458 | 4c89 9424 | 8000 0000 | e939 0200 
  0x000001ba32a78688: 0048 8bd8 | eb55 488b | d8eb 5048 | 8bd8 e9e8 | 0000 0048 | 8bd8 e9e0 | 0000 0048 | 8bd8 eb3b 
  0x000001ba32a786a8: 488b d8eb | 3648 8bd8 | eb31 488b | d8eb 2c48 | 8bd8 eb27 | 4889 4424 | 20e9 fc01 | 0000 488b 
  0x000001ba32a786c8: d0e9 6f03 | 0000 488b | d0e9 6703 | 0000 4889 | 4424 20e9 | e201 0000 | 488b d84c | 8b5c 2448 
  0x000001ba32a786e8: 488d 8424 | d000 0000 | 4883 3800 | 0f84 7900 | 0000 4d8b | 1341 f6c2 | 020f 8462 | 0000 0049 
  0x000001ba32a78708: 83ba 8600 | 0000 0074 | 0949 ff8a | 8600 0000 | eb4b 498b | 8296 0000 | 0049 0b82 | 8e00 0000 
  0x000001ba32a78728: 750a 49c7 | 423e 0000 | 0000 eb3d | 4983 ba9e | 0000 0000 | 7422 4833 | c049 c742 | 3e00 0000 
  0x000001ba32a78748: 00f0 8304 | 2400 4983 | ba9e 0000 | 0000 750d | f04d 0fb1 | 7a3e 7505 | 83c8 01eb | 0ca8 00eb 
  0x000001ba32a78768: ;   {no_reloc}
  0x000001ba32a78768: 084c 8b10 | f04d 0fb1 | 1375 0a49 | ff8f 4805 | 0000 4533 | d20f 857d | 0300 0048 | 895c 2420 
  0x000001ba32a78788: e935 0100 | 0048 8bd8 | eb03 488b | d84c 8b9c | 24a0 0000 | 0048 8d84 | 24d0 0000 | 0048 8338 
  0x000001ba32a787a8: 000f 8479 | 0000 004d | 8b13 41f6 | c202 0f84 | 6200 0000 | 4983 ba86 | 0000 0000 | 7409 49ff 
  0x000001ba32a787c8: 8a86 0000 | 00eb 4b49 | 8b82 9600 | 0000 490b | 828e 0000 | 0075 0a49 | c742 3e00 | 0000 00eb 
  0x000001ba32a787e8: 3d49 83ba | 9e00 0000 | 0074 2248 | 33c0 49c7 | 423e 0000 | 0000 f083 | 0424 0049 | 83ba 9e00 
  0x000001ba32a78808: 0000 0075 | 0df0 4d0f | b17a 3e75 | 0583 c801 | eb0c a800 | eb08 4c8b | 10f0 4d0f | b113 750a 
  0x000001ba32a78828: 49ff 8f48 | 0500 0045 | 33d2 0f85 | 9802 0000 | 4889 5c24 | 20eb 0548 | 8944 2420 | 4c8b 9424 
  0x000001ba32a78848: 9000 0000 | 418b 6a10 

  0x000001ba32a78850: ; implicit exception: dispatches to 0x000001ba32a78558
  0x000001ba32a78850: 448b 5d08 

  0x000001ba32a78854: ;   {metadata('java/util/ArrayList')}
  0x000001ba32a78854: 4181 fb30 | a50b 000f | 8557 0200 | 0048 8bd5 | 488b ac24 | 9800 0000 | 4c8b 8424 | 8000 0000 
  0x000001ba32a78874: ;   {optimized virtual_call}
  0x000001ba32a78874: c5f8 77e8 

  0x000001ba32a78878: ; ImmutableOopMap {rbp=Oop [32]=Oop [40]=Oop [96]=Oop [104]=Oop [112]=Oop [120]=Oop [128]=Oop }
                      ;*invokeinterface remove {reexecute=0 rethrow=0 return_oop=0}
                      ; - org.eclipse.osgi.internal.loader.classpath.ClasspathManager::defineClass@440 (line 781)
  0x000001ba32a78878: 045f 15ff 

  0x000001ba32a7887c: ;   {other}
  0x000001ba32a7887c: 0f1f 8400 | ec45 0092 | 4c8b 5424 | 284c 8954 | 2450 eb32 | 488b d0e9 | a501 0000 | 488b d0e9 
  0x000001ba32a7889c: 9d01 0000 | 488b d0e9 | 9501 0000 | 4889 4424 | 20eb 1348 | 8944 2420 | eb0c 4889 | 4424 20eb 
  0x000001ba32a788bc: 0548 8944 | 2420 4c8b | 5424 7845 

  0x000001ba32a788c8: ;   {metadata('java/util/Collections$UnmodifiableRandomAccessList')}
  0x000001ba32a788c8: 8b5a 0841 | 81fb f8ab | 1c00 0f85 | c801 0000 | 498b ea49 | 8b87 b801 | 0000 4c8b | d049 83c2 
  0x000001ba32a788e8: 184d 3b97 | c801 0000 | 0f83 5701 | 0000 4d89 | 97b8 0100 | 0041 0f18 | 8200 0100 | 0048 c700 
  0x000001ba32a78908: 0100 0000 

  0x000001ba32a7890c: ;   {metadata('java/util/Collections$UnmodifiableCollection$1')}
  0x000001ba32a7890c: c740 0830 | 7b1d 0044 | 8960 0c44 | 8960 144c | 8b94 2480 | 0000 004c | 8954 2430 | 4c8b 5424 
  0x000001ba32a7892c: 504c 8954 | 2428 448b | 450c 4c8b | d544 8950 | 104c 8bd0 | 498b ea49 | 8bd0 c5f8 | 7748 b8ff 
  0x000001ba32a7894c: ffff ffff 

  0x000001ba32a78950: ;   {virtual_call}
  0x000001ba32a78950: ffff ffe8 

  0x000001ba32a78954: ; ImmutableOopMap {rbp=Oop [32]=Oop [40]=Oop [48]=Oop [96]=Oop [104]=Oop [112]=Oop }
                      ;*invokeinterface iterator {reexecute=0 rethrow=0 return_oop=1}
                      ; - java.util.Collections$UnmodifiableCollection$1::<init>@17 (line 1075)
                      ; - java.util.Collections$UnmodifiableCollection::iterator@5 (line 1074)
                      ; - org.eclipse.osgi.internal.loader.classpath.ClasspathManager::defineClass@497 (line 788)
  0x000001ba32a78954: 2861 15ff 

  0x000001ba32a78958: ;   {other}
  0x000001ba32a78958: 0f1f 8400 | c846 0093 | 4c8b d844 | 895d 0c4c | 8bd5 49c1 | ea09 49bb | 0000 1339 | ba01 0000 
  0x000001ba32a78978: 4788 2413 | 488b d590 

  0x000001ba32a78980: ;   {optimized virtual_call}
  0x000001ba32a78980: c5f8 77e8 

  0x000001ba32a78984: ; ImmutableOopMap {rbp=Oop [32]=Oop [40]=Oop [48]=Oop [96]=Oop [104]=Oop [112]=Oop }
                      ;*invokeinterface hasNext {reexecute=0 rethrow=0 return_oop=0}
                      ; - org.eclipse.osgi.internal.loader.classpath.ClasspathManager::defineClass@534 (line 788)
  0x000001ba32a78984: f85d 15ff 

  0x000001ba32a78988: ;   {other}
  0x000001ba32a78988: 0f1f 8400 | f846 0094 | 85c0 0f84 | a000 0000 | 0f1f 8400 | 0000 0000 | 488b d590 

  0x000001ba32a789a4: ;   {optimized virtual_call}
  0x000001ba32a789a4: c5f8 77e8 

  0x000001ba32a789a8: ; ImmutableOopMap {rbp=Oop [32]=Oop [40]=Oop [48]=Oop [96]=Oop [104]=Oop [112]=Oop }
                      ;*invokeinterface next {reexecute=0 rethrow=0 return_oop=1}
                      ; - org.eclipse.osgi.internal.loader.classpath.ClasspathManager::defineClass@509 (line 788)
  0x000001ba32a789a8: d45d 15ff 

  0x000001ba32a789ac: ;   {other}
  0x000001ba32a789ac: 0f1f 8400 | 1c47 0095 

  0x000001ba32a789b4: ; implicit exception: dispatches to 0x000001ba32a784ac
  0x000001ba32a789b4: 448b 5008 | 49bb 0000 | 003b ba01 | 0000 4d03 | da4d 8b53 

  0x000001ba32a789c8: ;   {metadata('org/eclipse/osgi/internal/hookregistry/ClassLoaderHook')}
  0x000001ba32a789c8: 3849 bb48 | e702 3cba | 0100 004d | 3bd3 0f85 | a900 0000 | 488b d04c | 8b44 2430 | 4533 c948 
  0x000001ba32a789e8: 8b7c 2460 | 488b 7424 | 6848 8b4c | 2470 4c8b | 5424 284c | 8914 2466 | 6690 c5f8 | 7748 b8ff 
  0x000001ba32a78a08: ffff ffff 

  0x000001ba32a78a0c: ;   {virtual_call}
  0x000001ba32a78a0c: ffff ffe8 

  0x000001ba32a78a10: ; ImmutableOopMap {rbp=Oop [32]=Oop [40]=Oop [48]=Oop [96]=Oop [104]=Oop [112]=Oop }
                      ;*invokevirtual recordClassDefine {reexecute=0 rethrow=0 return_oop=0}
                      ; - org.eclipse.osgi.internal.loader.classpath.ClasspathManager::defineClass@529 (line 789)
  0x000001ba32a78a10: 6c60 15ff 

  0x000001ba32a78a14: ;   {other}
  0x000001ba32a78a14: 0f1f 8400 | 8447 0096 | 488b d590 

  0x000001ba32a78a20: ;   {optimized virtual_call}
  0x000001ba32a78a20: c5f8 77e8 

  0x000001ba32a78a24: ; ImmutableOopMap {rbp=Oop [32]=Oop [40]=Oop [48]=Oop [96]=Oop [104]=Oop [112]=Oop }
                      ;*invokeinterface hasNext {reexecute=0 rethrow=0 return_oop=0}
                      ; - org.eclipse.osgi.internal.loader.classpath.ClasspathManager::defineClass@534 (line 788)
  0x000001ba32a78a24: 585d 15ff 

  0x000001ba32a78a28: ;   {other}
  0x000001ba32a78a28: 0f1f 8400 | 9847 0097 | 85c0 0f85 | 68ff ffff | 488b 5424 | 20c5 f877 | 4881 c4e0 | 0000 005d 
  0x000001ba32a78a48: ;   {runtime_call _rethrow_Java}
  0x000001ba32a78a48: e933 0521 | ff4c 8b54 | 2450 4c89 | 5424 284c | 8b94 2480 | 0000 004c | 8954 2430 

  0x000001ba32a78a64: ;   {metadata('java/util/Collections$UnmodifiableCollection$1')}
  0x000001ba32a78a64: 48ba 307b | 1d3b ba01 | 0000 6690 

  0x000001ba32a78a70: ;   {runtime_call _new_instance_Java}
  0x000001ba32a78a70: c5f8 77e8 

  0x000001ba32a78a74: ; ImmutableOopMap {rbp=Oop [32]=Oop [40]=Oop [48]=Oop [80]=Oop [96]=Oop [104]=Oop [112]=Oop [128]=Oop }
                      ;*new {reexecute=0 rethrow=0 return_oop=1}
                      ; - java.util.Collections$UnmodifiableCollection::iterator@0 (line 1074)
                      ; - org.eclipse.osgi.internal.loader.classpath.ClasspathManager::defineClass@497 (line 788)
  0x000001ba32a78a74: 08d8 20ff 

  0x000001ba32a78a78: ;   {other}
  0x000001ba32a78a78: 0f1f 8400 | e847 0098 | e9ad feff | ffba deff | ffff 4889 | 4424 5090 

  0x000001ba32a78a90: ;   {runtime_call UncommonTrapBlob}
  0x000001ba32a78a90: c5f8 77e8 

  0x000001ba32a78a94: ; ImmutableOopMap {rbp=Oop [32]=Oop [40]=Oop [48]=Oop [80]=Oop [96]=Oop [104]=Oop [112]=Oop }
                      ;*checkcast {reexecute=0 rethrow=0 return_oop=0}
                      ; - org.eclipse.osgi.internal.loader.classpath.ClasspathManager::defineClass@514 (line 788)
  0x000001ba32a78a94: 68af 15ff 

  0x000001ba32a78a98: ;   {other}
  0x000001ba32a78a98: 0f1f 8400 | 0848 0099 | bade ffff | ff66 6690 

  0x000001ba32a78aa8: ;   {runtime_call UncommonTrapBlob}
  0x000001ba32a78aa8: c5f8 77e8 

  0x000001ba32a78aac: ; ImmutableOopMap {[32]=Oop [80]=Oop [96]=Oop [104]=Oop [112]=Oop [120]=Oop [128]=Oop }
                      ;*invokeinterface iterator {reexecute=0 rethrow=0 return_oop=0}
                      ; - org.eclipse.osgi.internal.loader.classpath.ClasspathManager::defineClass@497 (line 788)
  0x000001ba32a78aac: 50af 15ff 

  0x000001ba32a78ab0: ;   {other}
  0x000001ba32a78ab0: 0f1f 8400 | 2048 009a | bade ffff | ff66 6690 

  0x000001ba32a78ac0: ;   {runtime_call UncommonTrapBlob}
  0x000001ba32a78ac0: c5f8 77e8 

  0x000001ba32a78ac4: ; ImmutableOopMap {rbp=NarrowOop [32]=Oop [40]=Oop [96]=Oop [104]=Oop [112]=Oop [128]=Oop [152]=Oop }
                      ;*invokeinterface remove {reexecute=0 rethrow=0 return_oop=0}
                      ; - org.eclipse.osgi.internal.loader.classpath.ClasspathManager::defineClass@440 (line 781)
  0x000001ba32a78ac4: 38af 15ff 

  0x000001ba32a78ac8: ;   {other}
  0x000001ba32a78ac8: 0f1f 8400 | 3848 009b | 488b 8c24 | a000 0000 | 488d 9424 | d000 0000 | 4d8b c7c5 | f877 49ba 
  0x000001ba32a78ae8: 702f 1115 | fc7f 0000 

  0x000001ba32a78af0: ;   {other}
  0x000001ba32a78af0: 41ff d20f | 1f84 0000 | 0000 00e9 | 38fd ffff | 488b 4c24 | 4848 8d94 | 24d0 0000 | 004d 8bc7 
  0x000001ba32a78b10: c5f8 7749 | ba70 2f11 | 15fc 7f00 | 0041 ffd2 

  0x000001ba32a78b20: ;   {other}
  0x000001ba32a78b20: 0f1f 8400 | 0000 0000 | e956 fcff 

  0x000001ba32a78b2c: ;   {internal_word}
  0x000001ba32a78b2c: ff49 baf5 | 5ca7 32ba | 0100 004d | 8997 6004 

  0x000001ba32a78b3c: ;   {runtime_call SafepointBlob}
  0x000001ba32a78b3c: 0000 e9bd 

  0x000001ba32a78b40: ;   {runtime_call StubRoutines (final stubs)}
  0x000001ba32a78b40: bf15 ffe8 | 98fe 13ff | e931 bdff | fff4 f4f4 
[Stub Code]
  0x000001ba32a78b50: ;   {no_reloc}
  0x000001ba32a78b50: 48bb 0000 | 0000 0000 

  0x000001ba32a78b58: ;   {runtime_call nmethod}
  0x000001ba32a78b58: 0000 e9fb 

  0x000001ba32a78b5c: ;   {static_stub}
  0x000001ba32a78b5c: ffff ff48 | bb00 0000 | 0000 0000 

  0x000001ba32a78b68: ;   {runtime_call nmethod}
  0x000001ba32a78b68: 00e9 fbff 

  0x000001ba32a78b6c: ;   {static_stub}
  0x000001ba32a78b6c: ffff 48bb | 0000 0000 | 0000 0000 

  0x000001ba32a78b78: ;   {runtime_call nmethod}
  0x000001ba32a78b78: e9fb ffff 

  0x000001ba32a78b7c: ;   {static_stub}
  0x000001ba32a78b7c: ff48 bb00 | 0000 0000 

  0x000001ba32a78b84: ;   {runtime_call nmethod}
  0x000001ba32a78b84: 0000 00e9 | fbff ffff 

  0x000001ba32a78b8c: ;   {static_stub}
  0x000001ba32a78b8c: 48bb 0000 | 0000 0000 

  0x000001ba32a78b94: ;   {runtime_call nmethod}
  0x000001ba32a78b94: 0000 e9fb 

  0x000001ba32a78b98: ;   {static_stub}
  0x000001ba32a78b98: ffff ff48 | bb00 0000 | 0000 0000 

  0x000001ba32a78ba4: ;   {runtime_call nmethod}
  0x000001ba32a78ba4: 00e9 fbff 

  0x000001ba32a78ba8: ;   {static_stub}
  0x000001ba32a78ba8: ffff 48bb | 0000 0000 | 0000 0000 

  0x000001ba32a78bb4: ;   {runtime_call nmethod}
  0x000001ba32a78bb4: e9fb ffff 

  0x000001ba32a78bb8: ;   {static_stub}
  0x000001ba32a78bb8: ff48 bb00 | 0000 0000 

  0x000001ba32a78bc0: ;   {runtime_call nmethod}
  0x000001ba32a78bc0: 0000 00e9 | fbff ffff 

  0x000001ba32a78bc8: ;   {static_stub}
  0x000001ba32a78bc8: 48bb 0000 | 0000 0000 

  0x000001ba32a78bd0: ;   {runtime_call nmethod}
  0x000001ba32a78bd0: 0000 e9fb 

  0x000001ba32a78bd4: ;   {static_stub}
  0x000001ba32a78bd4: ffff ff48 | bb00 0000 | 0000 0000 

  0x000001ba32a78be0: ;   {runtime_call nmethod}
  0x000001ba32a78be0: 00e9 fbff 

  0x000001ba32a78be4: ;   {static_stub}
  0x000001ba32a78be4: ffff 48bb | 0000 0000 | 0000 0000 

  0x000001ba32a78bf0: ;   {runtime_call nmethod}
  0x000001ba32a78bf0: e9fb ffff 

  0x000001ba32a78bf4: ;   {static_stub}
  0x000001ba32a78bf4: ff48 bb00 | 0000 0000 

  0x000001ba32a78bfc: ;   {runtime_call nmethod}
  0x000001ba32a78bfc: 0000 00e9 | fbff ffff 

  0x000001ba32a78c04: ;   {static_stub}
  0x000001ba32a78c04: 48bb 0000 | 0000 0000 

  0x000001ba32a78c0c: ;   {runtime_call nmethod}
  0x000001ba32a78c0c: 0000 e9fb 

  0x000001ba32a78c10: ;   {static_stub}
  0x000001ba32a78c10: ffff ff48 | bb00 0000 | 0000 0000 

  0x000001ba32a78c1c: ;   {runtime_call nmethod}
  0x000001ba32a78c1c: 00e9 fbff 

  0x000001ba32a78c20: ;   {static_stub}
  0x000001ba32a78c20: ffff 48bb | 0000 0000 | 0000 0000 

  0x000001ba32a78c2c: ;   {runtime_call nmethod}
  0x000001ba32a78c2c: e9fb ffff 

  0x000001ba32a78c30: ;   {static_stub}
  0x000001ba32a78c30: ff48 bb00 | 0000 0000 

  0x000001ba32a78c38: ;   {runtime_call nmethod}
  0x000001ba32a78c38: 0000 00e9 | fbff ffff 

  0x000001ba32a78c40: ;   {static_stub}
  0x000001ba32a78c40: 48bb 0000 | 0000 0000 

  0x000001ba32a78c48: ;   {runtime_call nmethod}
  0x000001ba32a78c48: 0000 e9fb 

  0x000001ba32a78c4c: ;   {static_stub}
  0x000001ba32a78c4c: ffff ff48 | bb00 0000 | 0000 0000 

  0x000001ba32a78c58: ;   {runtime_call nmethod}
  0x000001ba32a78c58: 00e9 fbff 

  0x000001ba32a78c5c: ;   {static_stub}
  0x000001ba32a78c5c: ffff 48bb | 0000 0000 | 0000 0000 

  0x000001ba32a78c68: ;   {runtime_call nmethod}
  0x000001ba32a78c68: e9fb ffff 

  0x000001ba32a78c6c: ;   {static_stub}
  0x000001ba32a78c6c: ff48 bb18 | 1043 3bba 

  0x000001ba32a78c74: ;   {runtime_call I2C/C2I adapters}
  0x000001ba32a78c74: 0100 00e9 | 79bd 14ff 

  0x000001ba32a78c7c: ;   {static_stub}
  0x000001ba32a78c7c: 48bb 0000 | 0000 0000 

  0x000001ba32a78c84: ;   {runtime_call nmethod}
  0x000001ba32a78c84: 0000 e9fb 

  0x000001ba32a78c88: ;   {static_stub}
  0x000001ba32a78c88: ffff ff48 | bb00 0000 | 0000 0000 

  0x000001ba32a78c94: ;   {runtime_call nmethod}
  0x000001ba32a78c94: 00e9 fbff 

  0x000001ba32a78c98: ;   {runtime_call ExceptionBlob}
  0x000001ba32a78c98: ffff e9e1 | 4220 ffe8 | 0000 0000 | 4883 2c24 

  0x000001ba32a78ca8: ;   {runtime_call DeoptimizationBlob}
  0x000001ba32a78ca8: 05e9 f2b0 | 15ff f4f4 
[/MachCode]


---------------  P R O C E S S  ---------------

Threads class SMR info:
_java_thread_list=0x000001ba04b75770, length=60, elements={
0x000001ba209bd620, 0x000001ba3acb1890, 0x000001ba3acb3bc0, 0x000001ba3acb8460,
0x000001ba3acbaff0, 0x000001ba3acbba40, 0x000001ba3acbc490, 0x000001ba3acbd520,
0x000001ba7d888070, 0x000001ba20a2d3d0, 0x000001ba7dc778f0, 0x000001ba7e506920,
0x000001ba7e51cb80, 0x000001ba7e25d980, 0x000001ba7e54ad80, 0x000001ba7eb2a560,
0x000001ba7e2f1330, 0x000001ba7e780390, 0x000001ba7e780a20, 0x000001ba7e77efe0,
0x000001ba7e77e950, 0x000001ba05ae8d70, 0x000001ba05aea7b0, 0x000001ba05aeae40,
0x000001ba05aea120, 0x000001ba05ae9a90, 0x000001ba05aeb4d0, 0x000001ba05ae86e0,
0x000001ba05ae9400, 0x000001ba05ae8050, 0x000001ba05aee2c0, 0x000001ba05aed5a0,
0x000001ba05aecf10, 0x000001ba05aeefe0, 0x000001ba05aef670, 0x000001ba048a9bc0,
0x000001ba048ab600, 0x000001ba048a8180, 0x000001ba048aea80, 0x000001ba048ae3f0,
0x000001ba048add60, 0x000001ba0513af20, 0x000001ba0513cff0, 0x000001ba0513b5b0,
0x000001ba0513c2d0, 0x000001ba0513c960, 0x000001ba04a45bd0, 0x000001ba0749c510,
0x000001ba0749cba0, 0x000001ba05aebb60, 0x000001ba05aec880, 0x000001ba7e77dc30,
0x000001ba7e77e2c0, 0x000001ba0513e3a0, 0x000001ba048aaf70, 0x000001ba07f68110,
0x000001ba07f67a80, 0x000001ba07f687a0, 0x000001ba07f68e30, 0x000001ba07f66d60
}

Java Threads: ( => current thread )
  0x000001ba209bd620 JavaThread "main"                              [_thread_blocked, id=17052, stack(0x000000633ee00000,0x000000633ef00000) (1024K)]
  0x000001ba3acb1890 JavaThread "Reference Handler"          daemon [_thread_blocked, id=8044, stack(0x000000633f200000,0x000000633f300000) (1024K)]
  0x000001ba3acb3bc0 JavaThread "Finalizer"                  daemon [_thread_blocked, id=10348, stack(0x000000633f300000,0x000000633f400000) (1024K)]
  0x000001ba3acb8460 JavaThread "Signal Dispatcher"          daemon [_thread_blocked, id=7972, stack(0x000000633f400000,0x000000633f500000) (1024K)]
  0x000001ba3acbaff0 JavaThread "Attach Listener"            daemon [_thread_blocked, id=14332, stack(0x000000633f500000,0x000000633f600000) (1024K)]
  0x000001ba3acbba40 JavaThread "Service Thread"             daemon [_thread_blocked, id=12304, stack(0x000000633f600000,0x000000633f700000) (1024K)]
  0x000001ba3acbc490 JavaThread "Monitor Deflation Thread"   daemon [_thread_blocked, id=12296, stack(0x000000633f700000,0x000000633f800000) (1024K)]
  0x000001ba3acbd520 JavaThread "C2 CompilerThread0"         daemon [_thread_blocked, id=12492, stack(0x000000633f800000,0x000000633f900000) (1024K)]
  0x000001ba7d888070 JavaThread "C1 CompilerThread0"         daemon [_thread_blocked, id=12688, stack(0x000000633f900000,0x000000633fa00000) (1024K)]
  0x000001ba20a2d3d0 JavaThread "Common-Cleaner"             daemon [_thread_blocked, id=6004, stack(0x000000633fa00000,0x000000633fb00000) (1024K)]
  0x000001ba7dc778f0 JavaThread "Notification Thread"        daemon [_thread_blocked, id=9976, stack(0x000000633fb00000,0x000000633fc00000) (1024K)]
  0x000001ba7e506920 JavaThread "Active Thread: Equinox Container: e36e078e-c5c9-490e-816f-be7f50888317"        [_thread_blocked, id=3728, stack(0x0000006340200000,0x0000006340300000) (1024K)]
  0x000001ba7e51cb80 JavaThread "Refresh Thread: Equinox Container: e36e078e-c5c9-490e-816f-be7f50888317" daemon [_thread_blocked, id=17696, stack(0x0000006340300000,0x0000006340400000) (1024K)]
  0x000001ba7e25d980 JavaThread "Framework Event Dispatcher: Equinox Container: e36e078e-c5c9-490e-816f-be7f50888317" daemon [_thread_blocked, id=11544, stack(0x0000006340400000,0x0000006340500000) (1024K)]
  0x000001ba7e54ad80 JavaThread "Start Level: Equinox Container: e36e078e-c5c9-490e-816f-be7f50888317" daemon [_thread_blocked, id=13176, stack(0x0000006340500000,0x0000006340600000) (1024K)]
  0x000001ba7eb2a560 JavaThread "Bundle File Closer"         daemon [_thread_blocked, id=1548, stack(0x0000006340800000,0x0000006340900000) (1024K)]
  0x000001ba7e2f1330 JavaThread "SCR Component Actor"        daemon [_thread_blocked, id=14628, stack(0x0000006340700000,0x0000006340800000) (1024K)]
  0x000001ba7e780390 JavaThread "Worker-JM"                         [_thread_blocked, id=5704, stack(0x0000006340900000,0x0000006340a00000) (1024K)]
  0x000001ba7e780a20 JavaThread "JNA Cleaner"                daemon [_thread_blocked, id=5096, stack(0x0000006340a00000,0x0000006340b00000) (1024K)]
  0x000001ba7e77efe0 JavaThread "Worker-2"                          [_thread_blocked, id=9776, stack(0x0000006340f00000,0x0000006341000000) (1024K)]
  0x000001ba7e77e950 JavaThread "Java indexing"              daemon [_thread_blocked, id=11112, stack(0x0000006341000000,0x0000006341100000) (1024K)]
  0x000001ba05ae8d70 JavaThread "Thread-1"                   daemon [_thread_in_native, id=10248, stack(0x0000006341500000,0x0000006341600000) (1024K)]
  0x000001ba05aea7b0 JavaThread "Thread-2"                   daemon [_thread_in_native, id=16036, stack(0x0000006341600000,0x0000006341700000) (1024K)]
  0x000001ba05aeae40 JavaThread "Thread-3"                   daemon [_thread_in_native, id=11460, stack(0x0000006341700000,0x0000006341800000) (1024K)]
  0x000001ba05aea120 JavaThread "Thread-4"                   daemon [_thread_in_native, id=10980, stack(0x0000006341800000,0x0000006341900000) (1024K)]
  0x000001ba05ae9a90 JavaThread "Thread-5"                   daemon [_thread_in_native, id=11800, stack(0x0000006341900000,0x0000006341a00000) (1024K)]
  0x000001ba05aeb4d0 JavaThread "Thread-6"                   daemon [_thread_blocked, id=13340, stack(0x0000006341a00000,0x0000006341b00000) (1024K)]
  0x000001ba05ae86e0 JavaThread "Thread-7"                   daemon [_thread_in_native, id=5732, stack(0x0000006341b00000,0x0000006341c00000) (1024K)]
  0x000001ba05ae9400 JavaThread "Thread-8"                   daemon [_thread_in_native, id=15160, stack(0x0000006341c00000,0x0000006341d00000) (1024K)]
  0x000001ba05ae8050 JavaThread "Thread-9"                   daemon [_thread_in_native, id=8148, stack(0x0000006341d00000,0x0000006341e00000) (1024K)]
  0x000001ba05aee2c0 JavaThread "pool-2-thread-1"                   [_thread_blocked, id=14060, stack(0x0000006341e00000,0x0000006341f00000) (1024K)]
  0x000001ba05aed5a0 JavaThread "WorkspaceEventsHandler"            [_thread_blocked, id=8848, stack(0x0000006341f00000,0x0000006342000000) (1024K)]
  0x000001ba05aecf10 JavaThread "pool-1-thread-1"                   [_thread_blocked, id=13280, stack(0x0000006342000000,0x0000006342100000) (1024K)]
  0x000001ba05aeefe0 JavaThread "PatternSearchJob-worker-2"  daemon [_thread_blocked, id=4900, stack(0x0000006342100000,0x0000006342200000) (1024K)]
  0x000001ba05aef670 JavaThread "PatternSearchJob-worker-4"  daemon [_thread_blocked, id=6532, stack(0x0000006342400000,0x0000006342500000) (1024K)]
  0x000001ba048a9bc0 JavaThread "Cleaner-0"                  daemon [_thread_blocked, id=3236, stack(0x0000006342f00000,0x0000006343000000) (1024K)]
  0x000001ba048ab600 JavaThread "Worker-9"                          [_thread_blocked, id=5664, stack(0x0000006340c00000,0x0000006340d00000) (1024K)]
  0x000001ba048a8180 JavaThread "PatternSearchJob-worker-9"  daemon [_thread_blocked, id=3008, stack(0x0000006341400000,0x0000006341500000) (1024K)]
  0x000001ba048aea80 JavaThread "PatternSearchJob-worker-8"  daemon [_thread_blocked, id=3752, stack(0x0000006342300000,0x0000006342400000) (1024K)]
  0x000001ba048ae3f0 JavaThread "PatternSearchJob-worker-10" daemon [_thread_blocked, id=18152, stack(0x0000006342500000,0x0000006342600000) (1024K)]
  0x000001ba048add60 JavaThread "ForkJoinPool.commonPool-worker-16" daemon [_thread_blocked, id=10976, stack(0x000000633eb00000,0x000000633ec00000) (1024K)]
  0x000001ba0513af20 JavaThread "ForkJoinPool.commonPool-worker-19" daemon [_thread_blocked, id=18096, stack(0x0000006340b00000,0x0000006340c00000) (1024K)]
  0x000001ba0513cff0 JavaThread "ForkJoinPool.commonPool-worker-20" daemon [_thread_blocked, id=9936, stack(0x0000006341100000,0x0000006341200000) (1024K)]
=>0x000001ba0513b5b0 JavaThread "ForkJoinPool.commonPool-worker-21" daemon [_thread_in_vm, id=15976, stack(0x0000006341200000,0x0000006341300000) (1024K)]
  0x000001ba0513c2d0 JavaThread "PatternSearchJob-worker-11" daemon [_thread_blocked, id=8116, stack(0x0000006342200000,0x0000006342300000) (1024K)]
  0x000001ba0513c960 JavaThread "PatternSearchJob-worker-12" daemon [_thread_blocked, id=17668, stack(0x0000006340e00000,0x0000006340f00000) (1024K)]
  0x000001ba04a45bd0 JavaThread "C2 CompilerThread1"         daemon [_thread_blocked, id=2124, stack(0x000000633ec00000,0x000000633ed00000) (1024K)]
  0x000001ba0749c510 JavaThread "ForkJoinPool.commonPool-worker-23" daemon [_thread_blocked, id=15860, stack(0x0000006340d00000,0x0000006340e00000) (1024K)]
  0x000001ba0749cba0 JavaThread "ForkJoinPool.commonPool-worker-24" daemon [_thread_blocked, id=16408, stack(0x0000006341300000,0x0000006341400000) (1024K)]
  0x000001ba05aebb60 JavaThread "ForkJoinPool.commonPool-worker-25" daemon [_thread_blocked, id=13228, stack(0x0000006342600000,0x0000006342700000) (1024K)]
  0x000001ba05aec880 JavaThread "Worker-11"                         [_thread_blocked, id=1844, stack(0x0000006342700000,0x0000006342800000) (1024K)]
  0x000001ba7e77dc30 JavaThread "Compiler Source File Reader" daemon [_thread_blocked, id=12852, stack(0x0000006342800000,0x0000006342900000) (1024K)]
  0x000001ba7e77e2c0 JavaThread "Compiler Processing Task"   daemon [_thread_blocked, id=16640, stack(0x0000006342900000,0x0000006342a00000) (1024K)]
  0x000001ba0513e3a0 JavaThread "Compiler Source File Reader" daemon [_thread_blocked, id=17620, stack(0x0000006342a00000,0x0000006342b00000) (1024K)]
  0x000001ba048aaf70 JavaThread "Compiler Source File Reader" daemon [_thread_blocked, id=13180, stack(0x0000006342b00000,0x0000006342c00000) (1024K)]
  0x000001ba07f68110 JavaThread "Worker-12"                         [_thread_blocked, id=11532, stack(0x0000006342c00000,0x0000006342d00000) (1024K)]
  0x000001ba07f67a80 JavaThread "pool-1-thread-2"                   [_thread_blocked, id=10804, stack(0x0000006342d00000,0x0000006342e00000) (1024K)]
  0x000001ba07f687a0 JavaThread "Compiler Source File Reader" daemon [_thread_blocked, id=17820, stack(0x000000633ed00000,0x000000633ee00000) (1024K)]
  0x000001ba07f68e30 JavaThread "Compiler Source File Reader" daemon [_thread_blocked, id=8712, stack(0x0000006342e00000,0x0000006342f00000) (1024K)]
  0x000001ba07f66d60 JavaThread "Compiler Source File Reader" daemon [_thread_blocked, id=6588, stack(0x0000006343000000,0x0000006343100000) (1024K)]
Total: 60

Other Threads:
  0x000001ba3ac924c0 VMThread "VM Thread"                           [id=12956, stack(0x000000633f100000,0x000000633f200000) (1024K)] _threads_hazard_ptr=0x000001ba04b75770
  0x000001ba3abcca00 WatcherThread "VM Periodic Task Thread"        [id=7816, stack(0x000000633f000000,0x000000633f100000) (1024K)]
  0x000001ba209dd5f0 WorkerThread "GC Thread#0"                     [id=6832, stack(0x000000633ef00000,0x000000633f000000) (1024K)]
  0x000001ba7e0fdc70 WorkerThread "GC Thread#1"                     [id=15252, stack(0x000000633fc00000,0x000000633fd00000) (1024K)]
  0x000001ba7e21ac70 WorkerThread "GC Thread#2"                     [id=12868, stack(0x000000633fd00000,0x000000633fe00000) (1024K)]
  0x000001ba7e21b010 WorkerThread "GC Thread#3"                     [id=13272, stack(0x000000633fe00000,0x000000633ff00000) (1024K)]
  0x000001ba7e21b3b0 WorkerThread "GC Thread#4"                     [id=8096, stack(0x000000633ff00000,0x0000006340000000) (1024K)]
  0x000001ba7e21b750 WorkerThread "GC Thread#5"                     [id=8592, stack(0x0000006340000000,0x0000006340100000) (1024K)]
  0x000001ba7e1b0d70 WorkerThread "GC Thread#6"                     [id=6752, stack(0x0000006340100000,0x0000006340200000) (1024K)]
  0x000001ba7e2c4ef0 WorkerThread "GC Thread#7"                     [id=7400, stack(0x0000006340600000,0x0000006340700000) (1024K)]
Total: 10

Threads with active compile tasks:
Total: 0

VM state: synchronizing (normal execution)

VM Mutex/Monitor currently owned by a thread:  ([mutex/lock_event])
[0x00007ffc1568b300] Metaspace_lock - owner thread: 0x000001ba0513b5b0
[0x00007ffc1568d380] Threads_lock - owner thread: 0x000001ba3ac924c0

Heap address: 0x00000000e0000000, size: 512 MB, Compressed Oops mode: 32-bit

CDS archive(s) mapped at: [0x000001ba3b000000-0x000001ba3bc80000-0x000001ba3bc80000), size 13107200, SharedBaseAddress: 0x000001ba3b000000, ArchiveRelocationMode: 1.
Compressed class space mapped at: 0x000001ba3c000000-0x000001ba7c000000, reserved size: 1073741824
Narrow klass base: 0x000001ba3b000000, Narrow klass shift: 0, Narrow klass range: 0x100000000

GC Precious Log:
 CardTable entry size: 512
 CPUs: 8 total, 8 available
 Memory: 7379M
 Large Page Support: Disabled
 NUMA Support: Disabled
 Compressed Oops: Enabled (32-bit)
 Alignments: Space 512K, Generation 512K, Heap 2M
 Heap Min Capacity: 8M
 Heap Initial Capacity: 116M
 Heap Max Capacity: 512M
 Pre-touch: Disabled
 Parallel Workers: 8

Heap:
 PSYoungGen      total 110080K, used 51214K [0x00000000f5580000, 0x00000000fda80000, 0x0000000100000000)
  eden space 86016K, 56% used [0x00000000f5580000,0x00000000f849a7a0,0x00000000fa980000)
  from space 24064K, 12% used [0x00000000fc300000,0x00000000fc5e9230,0x00000000fda80000)
  to   space 25088K, 0% used [0x00000000fa980000,0x00000000fa980000,0x00000000fc200000)
 ParOldGen       total 199168K, used 198656K [0x00000000e0000000, 0x00000000ec280000, 0x00000000f5580000)
  object space 199168K, 99% used [0x00000000e0000000,0x00000000ec2000e8,0x00000000ec280000)
 Metaspace       used 84566K, committed 86272K, reserved 1179648K
  class space    used 8318K, committed 9088K, reserved 1048576K

Card table byte_map: [0x000001ba39830000,0x000001ba39940000] _byte_map_base: 0x000001ba39130000

Marking Bits: (ParMarkBitMap*) 0x00007ffc15692250
 Begin Bits: [0x000001ba399f0000, 0x000001ba3a1f0000)
 End Bits:   [0x000001ba3a1f0000, 0x000001ba3a9f0000)

Polling page: 0x000001ba206a0000

Metaspace:

Usage:
  Non-class:     74.46 MB used.
      Class:      8.12 MB used.
       Both:     82.58 MB used.

Virtual space:
  Non-class space:      128.00 MB reserved,      75.38 MB ( 59%) committed,  2 nodes.
      Class space:        1.00 GB reserved,       8.88 MB ( <1%) committed,  1 nodes.
             Both:        1.12 GB reserved,      84.25 MB (  7%) committed. 

Chunk freelists:
   Non-Class:  3.67 MB
       Class:  6.98 MB
        Both:  10.66 MB

MaxMetaspaceSize: unlimited
CompressedClassSpaceSize: 1.00 GB
Initial GC threshold: 21.00 MB
Current GC threshold: 126.06 MB
CDS: on
 - commit_granule_bytes: 65536.
 - commit_granule_words: 8192.
 - virtual_space_node_default_size: 8388608.
 - enlarge_chunks_in_place: 1.
 - use_allocation_guard: 0.


Internal statistics:

num_allocs_failed_limit: 11.
num_arena_births: 1756.
num_arena_deaths: 404.
num_vsnodes_births: 3.
num_vsnodes_deaths: 0.
num_space_committed: 1348.
num_space_uncommitted: 0.
num_chunks_returned_to_freelist: 477.
num_chunks_taken_from_freelist: 6309.
num_chunk_merges: 130.
num_chunk_splits: 3627.
num_chunks_enlarged: 1923.
num_inconsistent_stats: 0.

CodeHeap 'non-profiled nmethods': size=120000Kb used=20109Kb max_used=20109Kb free=99890Kb
 bounds [0x000001ba32120000, 0x000001ba334d0000, 0x000001ba39650000]
CodeHeap 'profiled nmethods': size=120000Kb used=48414Kb max_used=48414Kb free=71585Kb
 bounds [0x000001ba2a650000, 0x000001ba2d5a0000, 0x000001ba31b80000]
CodeHeap 'non-nmethods': size=5760Kb used=1482Kb max_used=1583Kb free=4277Kb
 bounds [0x000001ba31b80000, 0x000001ba31df0000, 0x000001ba32120000]
 total_blobs=19664 nmethods=18863 adapters=705
 compilation: enabled
              stopped_count=0, restarted_count=0
 full_count=0

Compilation events (20 events):
Event: 2831.430 Thread 0x000001ba7d888070 20359       1       org.eclipse.osgi.framework.log.FrameworkLogEntry::getChildren (5 bytes)
Event: 2831.430 Thread 0x000001ba7d888070 nmethod 20359 0x000001ba334a8610 code [0x000001ba334a87a0, 0x000001ba334a8868]
Event: 2831.431 Thread 0x000001ba7d888070 20360       3       org.eclipse.core.internal.runtime.PlatformLogWriter::convertToStatus (70 bytes)
Event: 2831.431 Thread 0x000001ba7d888070 nmethod 20360 0x000001ba2d593b10 code [0x000001ba2d593d40, 0x000001ba2d5948a8]
Event: 2831.441 Thread 0x000001ba3acbd520 nmethod 20334 0x000001ba334a8910 code [0x000001ba334a93e0, 0x000001ba334b0300]
Event: 2831.442 Thread 0x000001ba3acbd520 20343   !   4       org.eclipse.jdt.internal.core.NameLookup::seekPackageFragments (152 bytes)
Event: 2831.465 Thread 0x000001ba3acbd520 nmethod 20343 0x000001ba334b4810 code [0x000001ba334b4ac0, 0x000001ba334b58e0]
Event: 2831.465 Thread 0x000001ba3acbd520 20345       4       org.eclipse.jdt.internal.compiler.lookup.Scope::enclosingReceiverType (38 bytes)
Event: 2831.471 Thread 0x000001ba3acbd520 nmethod 20345 0x000001ba334b6590 code [0x000001ba334b67a0, 0x000001ba334b6b30]
Event: 2831.471 Thread 0x000001ba3acbd520 20342   !   4       org.eclipse.jdt.internal.core.NameLookup::findType (673 bytes)
Event: 2831.488 Thread 0x000001ba04a45bd0 nmethod 20339 0x000001ba334b6f90 code [0x000001ba334b7360, 0x000001ba334b9808]
Event: 2831.489 Thread 0x000001ba04a45bd0 20344       4       org.eclipse.jdt.internal.compiler.ast.TypeReference::resolveAnnotations (386 bytes)
Event: 2831.508 Thread 0x000001ba7d888070 20361       3       org.eclipse.jdt.core.dom.MethodBinding::isAnnotationMember (10 bytes)
Event: 2831.508 Thread 0x000001ba7d888070 nmethod 20361 0x000001ba2d594a90 code [0x000001ba2d594c60, 0x000001ba2d595048]
Event: 2831.508 Thread 0x000001ba7d888070 20362       3       org.eclipse.jdt.ls.core.internal.semantictokens.TokenType::getApplicableType (251 bytes)
Event: 2831.510 Thread 0x000001ba7d888070 nmethod 20362 0x000001ba2d595190 code [0x000001ba2d595560, 0x000001ba2d5972b8]
Event: 2831.513 Thread 0x000001ba04a45bd0 nmethod 20344 0x000001ba334bb210 code [0x000001ba334bb520, 0x000001ba334bc1f0]
Event: 2831.513 Thread 0x000001ba04a45bd0 20352       4       org.eclipse.jdt.internal.compiler.codegen.ConstantPool::literalIndexForLdc (698 bytes)
Event: 2831.545 Thread 0x000001ba04a45bd0 nmethod 20352 0x000001ba334bcf90 code [0x000001ba334bd260, 0x000001ba334be658]
Event: 2831.552 Thread 0x000001ba3acbd520 nmethod 20342 0x000001ba334bf390 code [0x000001ba334bf700, 0x000001ba334c1560]

GC Heap History (20 events):
Event: 2825.935 GC heap before
{Heap before GC invocations=65 (full 4):
 PSYoungGen      total 73728K, used 65749K [0x00000000f5580000, 0x00000000fa900000, 0x0000000100000000)
  eden space 66048K, 98% used [0x00000000f5580000,0x00000000f953d558,0x00000000f9600000)
  from space 7680K, 6% used [0x00000000fa180000,0x00000000fa1f8000,0x00000000fa900000)
  to   space 9728K, 0% used [0x00000000f9600000,0x00000000f9600000,0x00000000f9f80000)
 ParOldGen       total 138240K, used 137773K [0x00000000e0000000, 0x00000000e8700000, 0x00000000f5580000)
  object space 138240K, 99% used [0x00000000e0000000,0x00000000e868b480,0x00000000e8700000)
 Metaspace       used 82565K, committed 84352K, reserved 1179648K
  class space    used 8157K, committed 8960K, reserved 1048576K
}
Event: 2825.937 GC heap after
{Heap after GC invocations=65 (full 4):
 PSYoungGen      total 64512K, used 448K [0x00000000f5580000, 0x00000000fa600000, 0x0000000100000000)
  eden space 64000K, 0% used [0x00000000f5580000,0x00000000f5580000,0x00000000f9400000)
  from space 512K, 87% used [0x00000000f9600000,0x00000000f9670000,0x00000000f9680000)
  to   space 9216K, 0% used [0x00000000f9d00000,0x00000000f9d00000,0x00000000fa600000)
 ParOldGen       total 138240K, used 138069K [0x00000000e0000000, 0x00000000e8700000, 0x00000000f5580000)
  object space 138240K, 99% used [0x00000000e0000000,0x00000000e86d5480,0x00000000e8700000)
 Metaspace       used 82565K, committed 84352K, reserved 1179648K
  class space    used 8157K, committed 8960K, reserved 1048576K
}
Event: 2826.185 GC heap before
{Heap before GC invocations=66 (full 4):
 PSYoungGen      total 64512K, used 64448K [0x00000000f5580000, 0x00000000fa600000, 0x0000000100000000)
  eden space 64000K, 100% used [0x00000000f5580000,0x00000000f9400000,0x00000000f9400000)
  from space 512K, 87% used [0x00000000f9600000,0x00000000f9670000,0x00000000f9680000)
  to   space 9216K, 0% used [0x00000000f9d00000,0x00000000f9d00000,0x00000000fa600000)
 ParOldGen       total 138240K, used 138069K [0x00000000e0000000, 0x00000000e8700000, 0x00000000f5580000)
  object space 138240K, 99% used [0x00000000e0000000,0x00000000e86d5480,0x00000000e8700000)
 Metaspace       used 82565K, committed 84352K, reserved 1179648K
  class space    used 8157K, committed 8960K, reserved 1048576K
}
Event: 2826.187 GC heap after
{Heap after GC invocations=66 (full 4):
 PSYoungGen      total 69120K, used 864K [0x00000000f5580000, 0x00000000fa400000, 0x0000000100000000)
  eden space 61952K, 0% used [0x00000000f5580000,0x00000000f5580000,0x00000000f9200000)
  from space 7168K, 12% used [0x00000000f9d00000,0x00000000f9dd8000,0x00000000fa400000)
  to   space 9216K, 0% used [0x00000000f9200000,0x00000000f9200000,0x00000000f9b00000)
 ParOldGen       total 138752K, used 138389K [0x00000000e0000000, 0x00000000e8780000, 0x00000000f5580000)
  object space 138752K, 99% used [0x00000000e0000000,0x00000000e8725480,0x00000000e8780000)
 Metaspace       used 82565K, committed 84352K, reserved 1179648K
  class space    used 8157K, committed 8960K, reserved 1048576K
}
Event: 2826.887 GC heap before
{Heap before GC invocations=67 (full 4):
 PSYoungGen      total 69120K, used 62816K [0x00000000f5580000, 0x00000000fa400000, 0x0000000100000000)
  eden space 61952K, 100% used [0x00000000f5580000,0x00000000f9200000,0x00000000f9200000)
  from space 7168K, 12% used [0x00000000f9d00000,0x00000000f9dd8000,0x00000000fa400000)
  to   space 9216K, 0% used [0x00000000f9200000,0x00000000f9200000,0x00000000f9b00000)
 ParOldGen       total 138752K, used 138389K [0x00000000e0000000, 0x00000000e8780000, 0x00000000f5580000)
  object space 138752K, 99% used [0x00000000e0000000,0x00000000e8725480,0x00000000e8780000)
 Metaspace       used 83075K, committed 84864K, reserved 1179648K
  class space    used 8217K, committed 9024K, reserved 1048576K
}
Event: 2826.892 GC heap after
{Heap after GC invocations=67 (full 4):
 PSYoungGen      total 63488K, used 3258K [0x00000000f5580000, 0x00000000fa100000, 0x0000000100000000)
  eden space 59904K, 0% used [0x00000000f5580000,0x00000000f5580000,0x00000000f9000000)
  from space 3584K, 90% used [0x00000000f9200000,0x00000000f952e900,0x00000000f9580000)
  to   space 8704K, 0% used [0x00000000f9880000,0x00000000f9880000,0x00000000fa100000)
 ParOldGen       total 139264K, used 139154K [0x00000000e0000000, 0x00000000e8800000, 0x00000000f5580000)
  object space 139264K, 99% used [0x00000000e0000000,0x00000000e87e4880,0x00000000e8800000)
 Metaspace       used 83075K, committed 84864K, reserved 1179648K
  class space    used 8217K, committed 9024K, reserved 1048576K
}
Event: 2827.108 GC heap before
{Heap before GC invocations=68 (full 4):
 PSYoungGen      total 63488K, used 63138K [0x00000000f5580000, 0x00000000fa100000, 0x0000000100000000)
  eden space 59904K, 99% used [0x00000000f5580000,0x00000000f8ffa2b0,0x00000000f9000000)
  from space 3584K, 90% used [0x00000000f9200000,0x00000000f952e900,0x00000000f9580000)
  to   space 8704K, 0% used [0x00000000f9880000,0x00000000f9880000,0x00000000fa100000)
 ParOldGen       total 139264K, used 139154K [0x00000000e0000000, 0x00000000e8800000, 0x00000000f5580000)
  object space 139264K, 99% used [0x00000000e0000000,0x00000000e87e4880,0x00000000e8800000)
 Metaspace       used 83164K, committed 84992K, reserved 1179648K
  class space    used 8220K, committed 9024K, reserved 1048576K
}
Event: 2827.123 GC heap after
{Heap after GC invocations=68 (full 4):
 PSYoungGen      total 64000K, used 8674K [0x00000000f5580000, 0x00000000fb600000, 0x0000000100000000)
  eden space 55296K, 0% used [0x00000000f5580000,0x00000000f5580000,0x00000000f8b80000)
  from space 8704K, 99% used [0x00000000f9880000,0x00000000fa0f8980,0x00000000fa100000)
  to   space 13312K, 0% used [0x00000000f8b80000,0x00000000f8b80000,0x00000000f9880000)
 ParOldGen       total 146944K, used 146828K [0x00000000e0000000, 0x00000000e8f80000, 0x00000000f5580000)
  object space 146944K, 99% used [0x00000000e0000000,0x00000000e8f63208,0x00000000e8f80000)
 Metaspace       used 83164K, committed 84992K, reserved 1179648K
  class space    used 8220K, committed 9024K, reserved 1048576K
}
Event: 2827.791 GC heap before
{Heap before GC invocations=69 (full 4):
 PSYoungGen      total 64000K, used 63970K [0x00000000f5580000, 0x00000000fb600000, 0x0000000100000000)
  eden space 55296K, 100% used [0x00000000f5580000,0x00000000f8b80000,0x00000000f8b80000)
  from space 8704K, 99% used [0x00000000f9880000,0x00000000fa0f8980,0x00000000fa100000)
  to   space 13312K, 0% used [0x00000000f8b80000,0x00000000f8b80000,0x00000000f9880000)
 ParOldGen       total 146944K, used 146828K [0x00000000e0000000, 0x00000000e8f80000, 0x00000000f5580000)
  object space 146944K, 99% used [0x00000000e0000000,0x00000000e8f63208,0x00000000e8f80000)
 Metaspace       used 83292K, committed 85056K, reserved 1179648K
  class space    used 8232K, committed 9024K, reserved 1048576K
}
Event: 2827.809 GC heap after
{Heap after GC invocations=69 (full 4):
 PSYoungGen      total 68608K, used 13309K [0x00000000f5580000, 0x00000000fb780000, 0x0000000100000000)
  eden space 55296K, 0% used [0x00000000f5580000,0x00000000f5580000,0x00000000f8b80000)
  from space 13312K, 99% used [0x00000000f8b80000,0x00000000f987f630,0x00000000f9880000)
  to   space 16896K, 0% used [0x00000000fa700000,0x00000000fa700000,0x00000000fb780000)
 ParOldGen       total 151040K, used 150827K [0x00000000e0000000, 0x00000000e9380000, 0x00000000f5580000)
  object space 151040K, 99% used [0x00000000e0000000,0x00000000e934ac38,0x00000000e9380000)
 Metaspace       used 83292K, committed 85056K, reserved 1179648K
  class space    used 8232K, committed 9024K, reserved 1048576K
}
Event: 2828.399 GC heap before
{Heap before GC invocations=70 (full 4):
 PSYoungGen      total 68608K, used 68605K [0x00000000f5580000, 0x00000000fb780000, 0x0000000100000000)
  eden space 55296K, 100% used [0x00000000f5580000,0x00000000f8b80000,0x00000000f8b80000)
  from space 13312K, 99% used [0x00000000f8b80000,0x00000000f987f630,0x00000000f9880000)
  to   space 16896K, 0% used [0x00000000fa700000,0x00000000fa700000,0x00000000fb780000)
 ParOldGen       total 151040K, used 150827K [0x00000000e0000000, 0x00000000e9380000, 0x00000000f5580000)
  object space 151040K, 99% used [0x00000000e0000000,0x00000000e934ac38,0x00000000e9380000)
 Metaspace       used 83744K, committed 85440K, reserved 1179648K
  class space    used 8273K, committed 9024K, reserved 1048576K
}
Event: 2828.408 GC heap after
{Heap after GC invocations=70 (full 4):
 PSYoungGen      total 83456K, used 1490K [0x00000000f5580000, 0x00000000fb780000, 0x0000000100000000)
  eden space 66560K, 0% used [0x00000000f5580000,0x00000000f5580000,0x00000000f9680000)
  from space 16896K, 8% used [0x00000000fa700000,0x00000000fa8749a8,0x00000000fb780000)
  to   space 16896K, 0% used [0x00000000f9680000,0x00000000f9680000,0x00000000fa700000)
 ParOldGen       total 159232K, used 158974K [0x00000000e0000000, 0x00000000e9b80000, 0x00000000f5580000)
  object space 159232K, 99% used [0x00000000e0000000,0x00000000e9b3fae0,0x00000000e9b80000)
 Metaspace       used 83744K, committed 85440K, reserved 1179648K
  class space    used 8273K, committed 9024K, reserved 1048576K
}
Event: 2829.664 GC heap before
{Heap before GC invocations=71 (full 4):
 PSYoungGen      total 83456K, used 68050K [0x00000000f5580000, 0x00000000fb780000, 0x0000000100000000)
  eden space 66560K, 100% used [0x00000000f5580000,0x00000000f9680000,0x00000000f9680000)
  from space 16896K, 8% used [0x00000000fa700000,0x00000000fa8749a8,0x00000000fb780000)
  to   space 16896K, 0% used [0x00000000f9680000,0x00000000f9680000,0x00000000fa700000)
 ParOldGen       total 159232K, used 158974K [0x00000000e0000000, 0x00000000e9b80000, 0x00000000f5580000)
  object space 159232K, 99% used [0x00000000e0000000,0x00000000e9b3fae0,0x00000000e9b80000)
 Metaspace       used 84085K, committed 85760K, reserved 1179648K
  class space    used 8292K, committed 9024K, reserved 1048576K
}
Event: 2829.672 GC heap after
{Heap after GC invocations=71 (full 4):
 PSYoungGen      total 83456K, used 2954K [0x00000000f5580000, 0x00000000fc280000, 0x0000000100000000)
  eden space 66560K, 0% used [0x00000000f5580000,0x00000000f5580000,0x00000000f9680000)
  from space 16896K, 17% used [0x00000000f9680000,0x00000000f99629a0,0x00000000fa700000)
  to   space 15872K, 0% used [0x00000000fb300000,0x00000000fb300000,0x00000000fc280000)
 ParOldGen       total 160256K, used 160048K [0x00000000e0000000, 0x00000000e9c80000, 0x00000000f5580000)
  object space 160256K, 99% used [0x00000000e0000000,0x00000000e9c4c270,0x00000000e9c80000)
 Metaspace       used 84085K, committed 85760K, reserved 1179648K
  class space    used 8292K, committed 9024K, reserved 1048576K
}
Event: 2829.934 GC heap before
{Heap before GC invocations=72 (full 4):
 PSYoungGen      total 83456K, used 69514K [0x00000000f5580000, 0x00000000fc280000, 0x0000000100000000)
  eden space 66560K, 100% used [0x00000000f5580000,0x00000000f9680000,0x00000000f9680000)
  from space 16896K, 17% used [0x00000000f9680000,0x00000000f99629a0,0x00000000fa700000)
  to   space 15872K, 0% used [0x00000000fb300000,0x00000000fb300000,0x00000000fc280000)
 ParOldGen       total 160256K, used 160048K [0x00000000e0000000, 0x00000000e9c80000, 0x00000000f5580000)
  object space 160256K, 99% used [0x00000000e0000000,0x00000000e9c4c270,0x00000000e9c80000)
 Metaspace       used 84110K, committed 85760K, reserved 1179648K
  class space    used 8293K, committed 9024K, reserved 1048576K
}
Event: 2829.957 GC heap after
{Heap after GC invocations=72 (full 4):
 PSYoungGen      total 87552K, used 15862K [0x00000000f5580000, 0x00000000fd280000, 0x0000000100000000)
  eden space 71680K, 0% used [0x00000000f5580000,0x00000000f5580000,0x00000000f9b80000)
  from space 15872K, 99% used [0x00000000fb300000,0x00000000fc27d870,0x00000000fc280000)
  to   space 24064K, 0% used [0x00000000f9b80000,0x00000000f9b80000,0x00000000fb300000)
 ParOldGen       total 174592K, used 174493K [0x00000000e0000000, 0x00000000eaa80000, 0x00000000f5580000)
  object space 174592K, 99% used [0x00000000e0000000,0x00000000eaa67730,0x00000000eaa80000)
 Metaspace       used 84110K, committed 85760K, reserved 1179648K
  class space    used 8293K, committed 9024K, reserved 1048576K
}
Event: 2830.455 GC heap before
{Heap before GC invocations=73 (full 4):
 PSYoungGen      total 87552K, used 87331K [0x00000000f5580000, 0x00000000fd280000, 0x0000000100000000)
  eden space 71680K, 99% used [0x00000000f5580000,0x00000000f9b4b3f0,0x00000000f9b80000)
  from space 15872K, 99% used [0x00000000fb300000,0x00000000fc27d870,0x00000000fc280000)
  to   space 24064K, 0% used [0x00000000f9b80000,0x00000000f9b80000,0x00000000fb300000)
 ParOldGen       total 174592K, used 174493K [0x00000000e0000000, 0x00000000eaa80000, 0x00000000f5580000)
  object space 174592K, 99% used [0x00000000e0000000,0x00000000eaa67730,0x00000000eaa80000)
 Metaspace       used 84143K, committed 85824K, reserved 1179648K
  class space    used 8293K, committed 9024K, reserved 1048576K
}
Event: 2830.473 GC heap after
{Heap after GC invocations=73 (full 4):
 PSYoungGen      total 95744K, used 16590K [0x00000000f5580000, 0x00000000fdc80000, 0x0000000100000000)
  eden space 71680K, 0% used [0x00000000f5580000,0x00000000f5580000,0x00000000f9b80000)
  from space 24064K, 68% used [0x00000000f9b80000,0x00000000fabb3898,0x00000000fb300000)
  to   space 26112K, 0% used [0x00000000fc300000,0x00000000fc300000,0x00000000fdc80000)
 ParOldGen       total 182272K, used 182043K [0x00000000e0000000, 0x00000000eb200000, 0x00000000f5580000)
  object space 182272K, 99% used [0x00000000e0000000,0x00000000eb1c6d48,0x00000000eb200000)
 Metaspace       used 84143K, committed 85824K, reserved 1179648K
  class space    used 8293K, committed 9024K, reserved 1048576K
}
Event: 2830.802 GC heap before
{Heap before GC invocations=74 (full 4):
 PSYoungGen      total 95744K, used 88270K [0x00000000f5580000, 0x00000000fdc80000, 0x0000000100000000)
  eden space 71680K, 100% used [0x00000000f5580000,0x00000000f9b80000,0x00000000f9b80000)
  from space 24064K, 68% used [0x00000000f9b80000,0x00000000fabb3898,0x00000000fb300000)
  to   space 26112K, 0% used [0x00000000fc300000,0x00000000fc300000,0x00000000fdc80000)
 ParOldGen       total 182272K, used 182043K [0x00000000e0000000, 0x00000000eb200000, 0x00000000f5580000)
  object space 182272K, 99% used [0x00000000e0000000,0x00000000eb1c6d48,0x00000000eb200000)
 Metaspace       used 84203K, committed 85888K, reserved 1179648K
  class space    used 8298K, committed 9024K, reserved 1048576K
}
Event: 2830.814 GC heap after
{Heap after GC invocations=74 (full 4):
 PSYoungGen      total 110080K, used 2980K [0x00000000f5580000, 0x00000000fda80000, 0x0000000100000000)
  eden space 86016K, 0% used [0x00000000f5580000,0x00000000f5580000,0x00000000fa980000)
  from space 24064K, 12% used [0x00000000fc300000,0x00000000fc5e9230,0x00000000fda80000)
  to   space 25088K, 0% used [0x00000000fa980000,0x00000000fa980000,0x00000000fc200000)
 ParOldGen       total 199168K, used 198656K [0x00000000e0000000, 0x00000000ec280000, 0x00000000f5580000)
  object space 199168K, 99% used [0x00000000e0000000,0x00000000ec2000e8,0x00000000ec280000)
 Metaspace       used 84203K, committed 85888K, reserved 1179648K
  class space    used 8298K, committed 9024K, reserved 1048576K
}

Dll operation events (11 events):
Event: 0.060 Loaded shared library C:\Program Files\Eclipse Adoptium\jdk-21.0.5.11-hotspot\bin\java.dll
Event: 0.123 Loaded shared library C:\Program Files\Eclipse Adoptium\jdk-21.0.5.11-hotspot\bin\jsvml.dll
Event: 0.262 Loaded shared library C:\Program Files\Eclipse Adoptium\jdk-21.0.5.11-hotspot\bin\zip.dll
Event: 0.269 Loaded shared library C:\Program Files\Eclipse Adoptium\jdk-21.0.5.11-hotspot\bin\instrument.dll
Event: 0.278 Loaded shared library C:\Program Files\Eclipse Adoptium\jdk-21.0.5.11-hotspot\bin\net.dll
Event: 0.284 Loaded shared library C:\Program Files\Eclipse Adoptium\jdk-21.0.5.11-hotspot\bin\nio.dll
Event: 0.294 Loaded shared library C:\Program Files\Eclipse Adoptium\jdk-21.0.5.11-hotspot\bin\zip.dll
Event: 0.333 Loaded shared library C:\Program Files\Eclipse Adoptium\jdk-21.0.5.11-hotspot\bin\jimage.dll
Event: 0.529 Loaded shared library C:\Program Files\Eclipse Adoptium\jdk-21.0.5.11-hotspot\bin\verify.dll
Event: 5.320 Loaded shared library C:\Users\ELCOT\AppData\Roaming\Code\User\globalStorage\redhat.java\1.55.0\config_win\org.eclipse.equinox.launcher\org.eclipse.equinox.launcher.win32.win32.x86_64_1.3.100.v20260613-0559\eclipse_11924.dll
Event: 12.125 Loaded shared library C:\Users\ELCOT\AppData\Local\Temp\jna-66053985\jna12429378819908045070.dll

Deoptimization events (20 events):
Event: 2830.487 Thread 0x000001ba05aebb60 Uncommon trap: trap_request=0xffffff45 fr.pc=0x000001ba32928de0 relative=0x0000000000002080
Event: 2830.487 Thread 0x000001ba05aebb60 Uncommon trap: reason=unstable_if action=reinterpret pc=0x000001ba32928de0 method=org.eclipse.jdt.internal.compiler.classfmt.MethodInfo.createMethod([B[IIJ)Lorg/eclipse/jdt/internal/compiler/classfmt/MethodInfo; @ 313 c2
Event: 2830.487 Thread 0x000001ba05aebb60 DEOPT PACKING pc=0x000001ba32928de0 sp=0x00000063426fd460
Event: 2830.487 Thread 0x000001ba05aebb60 DEOPT UNPACKING pc=0x000001ba31bd3aa2 sp=0x00000063426fd3e0 mode 2
Event: 2830.832 Thread 0x000001ba0749c510 Uncommon trap: trap_request=0xffffff45 fr.pc=0x000001ba3345fa44 relative=0x0000000000006c04
Event: 2830.832 Thread 0x000001ba0749c510 Uncommon trap: reason=unstable_if action=reinterpret pc=0x000001ba3345fa44 method=org.eclipse.jdt.internal.compiler.ast.Annotation.resolveType(Lorg/eclipse/jdt/internal/compiler/lookup/BlockScope;)Lorg/eclipse/jdt/internal/compiler/lookup/TypeBinding; @ 4
Event: 2830.832 Thread 0x000001ba0749c510 DEOPT PACKING pc=0x000001ba3345fa44 sp=0x0000006340dfda80
Event: 2830.832 Thread 0x000001ba0749c510 DEOPT UNPACKING pc=0x000001ba31bd3aa2 sp=0x0000006340dfda38 mode 2
Event: 2830.889 Thread 0x000001ba05aebb60 Uncommon trap: trap_request=0xffffff45 fr.pc=0x000001ba33148ac8 relative=0x0000000000001d68
Event: 2830.889 Thread 0x000001ba05aebb60 Uncommon trap: reason=unstable_if action=reinterpret pc=0x000001ba33148ac8 method=org.eclipse.jdt.internal.compiler.lookup.ModuleBinding.getVisiblePackage(Lorg/eclipse/jdt/internal/compiler/lookup/PackageBinding;[C)Lorg/eclipse/jdt/internal/compiler/looku
Event: 2830.889 Thread 0x000001ba05aebb60 DEOPT PACKING pc=0x000001ba33148ac8 sp=0x00000063426fdf10
Event: 2830.889 Thread 0x000001ba05aebb60 DEOPT UNPACKING pc=0x000001ba31bd3aa2 sp=0x00000063426fdeb8 mode 2
Event: 2830.892 Thread 0x000001ba05aebb60 Uncommon trap: trap_request=0xffffff45 fr.pc=0x000001ba333467a0 relative=0x0000000000000c20
Event: 2830.892 Thread 0x000001ba05aebb60 Uncommon trap: reason=unstable_if action=reinterpret pc=0x000001ba333467a0 method=org.eclipse.jdt.internal.compiler.lookup.PackageBinding.getTypeOrPackage([CLorg/eclipse/jdt/internal/compiler/lookup/ModuleBinding;Z)Lorg/eclipse/jdt/internal/compiler/looku
Event: 2830.892 Thread 0x000001ba05aebb60 DEOPT PACKING pc=0x000001ba333467a0 sp=0x00000063426fe090
Event: 2830.892 Thread 0x000001ba05aebb60 DEOPT UNPACKING pc=0x000001ba31bd3aa2 sp=0x00000063426fe068 mode 2
Event: 2830.893 Thread 0x000001ba05aebb60 Uncommon trap: trap_request=0xffffff45 fr.pc=0x000001ba32efae6c relative=0x000000000000026c
Event: 2830.893 Thread 0x000001ba05aebb60 Uncommon trap: reason=unstable_if action=reinterpret pc=0x000001ba32efae6c method=org.eclipse.jdt.internal.compiler.lookup.Scope.getPackage([[C)Lorg/eclipse/jdt/internal/compiler/lookup/Binding; @ 164 c2
Event: 2830.893 Thread 0x000001ba05aebb60 DEOPT PACKING pc=0x000001ba32efae6c sp=0x00000063426fe130
Event: 2830.893 Thread 0x000001ba05aebb60 DEOPT UNPACKING pc=0x000001ba31bd3aa2 sp=0x00000063426fe0c0 mode 2

Classes loaded (20 events):
Event: 781.045 Loading class java/util/stream/Nodes$ConcNode
Event: 781.046 Loading class java/util/stream/Nodes$AbstractConcNode
Event: 781.046 Loading class java/util/stream/Nodes$AbstractConcNode done
Event: 781.046 Loading class java/util/stream/Nodes$ConcNode done
Event: 781.092 Loading class java/io/ObjectOutputStream$BlockDataOutputStream
Event: 781.093 Loading class java/io/ObjectOutputStream$BlockDataOutputStream done
Event: 781.093 Loading class java/io/ObjectOutputStream$HandleTable
Event: 781.093 Loading class java/io/ObjectOutputStream$HandleTable done
Event: 781.093 Loading class java/io/ObjectOutputStream$ReplaceTable
Event: 781.094 Loading class java/io/ObjectOutputStream$ReplaceTable done
Event: 2251.396 Loading class java/util/function/IntPredicate
Event: 2251.398 Loading class java/util/function/IntPredicate done
Event: 2251.442 Loading class java/util/regex/Pattern$Bound
Event: 2251.443 Loading class java/util/regex/Pattern$Bound done
Event: 2827.039 Loading class sun/nio/fs/WindowsFileCopy
Event: 2827.047 Loading class sun/nio/fs/WindowsFileCopy done
Event: 2827.343 Loading class jdk/internal/module/IllegalAccessLogger
Event: 2827.343 Loading class jdk/internal/module/IllegalAccessLogger done
Event: 2829.865 Loading class jdk/internal/module/IllegalAccessLogger
Event: 2829.865 Loading class jdk/internal/module/IllegalAccessLogger done

Classes unloaded (20 events):
Event: 1064.023 Thread 0x000001ba3ac924c0 Unloading class 0x000001ba3c00d800 'java/lang/invoke/LambdaForm$MH+0x000001ba3c00d800'
Event: 1064.024 Thread 0x000001ba3ac924c0 Unloading class 0x000001ba3c00d400 'java/lang/invoke/LambdaForm$MH+0x000001ba3c00d400'
Event: 1064.024 Thread 0x000001ba3ac924c0 Unloading class 0x000001ba3c00d000 'java/lang/invoke/LambdaForm$MH+0x000001ba3c00d000'
Event: 1064.024 Thread 0x000001ba3ac924c0 Unloading class 0x000001ba3c00cc00 'java/lang/invoke/LambdaForm$MH+0x000001ba3c00cc00'
Event: 1064.024 Thread 0x000001ba3ac924c0 Unloading class 0x000001ba3c00c800 'java/lang/invoke/LambdaForm$BMH+0x000001ba3c00c800'
Event: 1064.024 Thread 0x000001ba3ac924c0 Unloading class 0x000001ba3c00c000 'java/lang/invoke/LambdaForm$DMH+0x000001ba3c00c000'
Event: 1064.024 Thread 0x000001ba3ac924c0 Unloading class 0x000001ba3c008400 'java/lang/invoke/LambdaForm$MH+0x000001ba3c008400'
Event: 1064.024 Thread 0x000001ba3ac924c0 Unloading class 0x000001ba3c008000 'java/lang/invoke/LambdaForm$MH+0x000001ba3c008000'
Event: 1064.024 Thread 0x000001ba3ac924c0 Unloading class 0x000001ba3c007c00 'java/lang/invoke/LambdaForm$MH+0x000001ba3c007c00'
Event: 1064.024 Thread 0x000001ba3ac924c0 Unloading class 0x000001ba3c006800 'java/lang/invoke/LambdaForm$MH+0x000001ba3c006800'
Event: 1064.024 Thread 0x000001ba3ac924c0 Unloading class 0x000001ba3c006400 'java/lang/invoke/LambdaForm$MH+0x000001ba3c006400'
Event: 1064.024 Thread 0x000001ba3ac924c0 Unloading class 0x000001ba3c005c00 'java/lang/invoke/LambdaForm$MH+0x000001ba3c005c00'
Event: 1064.024 Thread 0x000001ba3ac924c0 Unloading class 0x000001ba3c005800 'java/lang/invoke/LambdaForm$MH+0x000001ba3c005800'
Event: 1064.024 Thread 0x000001ba3ac924c0 Unloading class 0x000001ba3c005400 'java/lang/invoke/LambdaForm$BMH+0x000001ba3c005400'
Event: 1064.024 Thread 0x000001ba3ac924c0 Unloading class 0x000001ba3c004000 'java/lang/invoke/LambdaForm$DMH+0x000001ba3c004000'
Event: 1064.024 Thread 0x000001ba3ac924c0 Unloading class 0x000001ba3c002800 'java/lang/invoke/LambdaForm$MH+0x000001ba3c002800'
Event: 1064.024 Thread 0x000001ba3ac924c0 Unloading class 0x000001ba3c002400 'java/lang/invoke/LambdaForm$MH+0x000001ba3c002400'
Event: 1064.024 Thread 0x000001ba3ac924c0 Unloading class 0x000001ba3c002000 'java/lang/invoke/LambdaForm$MH+0x000001ba3c002000'
Event: 1064.024 Thread 0x000001ba3ac924c0 Unloading class 0x000001ba3c001800 'java/lang/invoke/LambdaForm$MH+0x000001ba3c001800'
Event: 1064.024 Thread 0x000001ba3ac924c0 Unloading class 0x000001ba3c000400 'java/lang/invoke/LambdaForm$MH+0x000001ba3c000400'

Classes redefined (0 events):
No events

Internal exceptions (20 events):
Event: 2824.069 Thread 0x000001ba05aecf10 Exception <a 'java/lang/ArrayIndexOutOfBoundsException'{0x00000000f6c0c228}: Index 3262 out of bounds for length 3261> (0x00000000f6c0c228) 
thrown [s\src\hotspot\share\interpreter\interpreterRuntime.cpp, line 439]
Event: 2824.270 Thread 0x000001ba05aecf10 Implicit null exception at 0x000001ba32cd6dd8 to 0x000001ba32cd83b0
Event: 2824.270 Thread 0x000001ba05aecf10 Implicit null exception at 0x000001ba32f090af to 0x000001ba32f09544
Event: 2824.270 Thread 0x000001ba05aecf10 Implicit null exception at 0x000001ba3306e6b3 to 0x000001ba33070e0c
Event: 2824.275 Thread 0x000001ba05aecf10 Implicit null exception at 0x000001ba3306188d to 0x000001ba330624c4
Event: 2824.294 Thread 0x000001ba05aecf10 Implicit null exception at 0x000001ba3235893d to 0x000001ba32358ef8
Event: 2826.261 Thread 0x000001ba05aecf10 Implicit null exception at 0x000001ba3317444b to 0x000001ba33174f29
Event: 2826.321 Thread 0x000001ba05aecf10 Implicit null exception at 0x000001ba32189181 to 0x000001ba3218ac6c
Event: 2827.048 Thread 0x000001ba7e77e950 Exception <a 'sun/nio/fs/WindowsException'{0x00000000f7ed1f90}> (0x00000000f7ed1f90) 
thrown [s\src\hotspot\share\prims\jni.cpp, line 520]
Event: 2827.690 Thread 0x000001ba7e77e950 Exception <a 'sun/nio/fs/WindowsException'{0x00000000f7e5e270}> (0x00000000f7e5e270) 
thrown [s\src\hotspot\share\prims\jni.cpp, line 520]
Event: 2827.712 Thread 0x000001ba7e77e950 Implicit null exception at 0x000001ba3290ace6 to 0x000001ba3290add8
Event: 2828.213 Thread 0x000001ba05aecf10 Exception <a 'java/lang/IncompatibleClassChangeError'{0x00000000f6576150}: Found class java.lang.Object, but interface was expected> (0x00000000f6576150) 
thrown [s\src\hotspot\share\interpreter\linkResolver.cpp, line 840]
Event: 2828.226 Thread 0x000001ba05aecf10 Implicit null exception at 0x000001ba32ee022d to 0x000001ba32ee0c20
Event: 2828.337 Thread 0x000001ba05aecf10 Implicit null exception at 0x000001ba32e3feda to 0x000001ba32e3ff40
Event: 2829.679 Thread 0x000001ba7e77e950 Exception <a 'sun/nio/fs/WindowsException'{0x00000000f5814d28}> (0x00000000f5814d28) 
thrown [s\src\hotspot\share\prims\jni.cpp, line 520]
Event: 2829.687 Thread 0x000001ba05aebb60 Exception <a 'java/lang/ArrayIndexOutOfBoundsException'{0x00000000f5e404a8}> (0x00000000f5e404a8) 
thrown [s\src\hotspot\share\runtime\sharedRuntime.cpp, line 625]
Event: 2829.687 Thread 0x000001ba05aebb60 Exception <a 'java/lang/ArrayIndexOutOfBoundsException'{0x00000000f5e40af8}> (0x00000000f5e40af8) 
thrown [s\src\hotspot\share\runtime\sharedRuntime.cpp, line 625]
Event: 2829.687 Thread 0x000001ba05aebb60 Exception <a 'java/lang/ArrayIndexOutOfBoundsException'{0x00000000f5e40e98}> (0x00000000f5e40e98) 
thrown [s\src\hotspot\share\runtime\sharedRuntime.cpp, line 625]
Event: 2830.376 Thread 0x000001ba7e77e950 Exception <a 'sun/nio/fs/WindowsException'{0x00000000f8353738}> (0x00000000f8353738) 
thrown [s\src\hotspot\share\prims\jni.cpp, line 520]
Event: 2830.772 Thread 0x000001ba05aecf10 Exception <a 'java/lang/IncompatibleClassChangeError'{0x00000000f7d99868}: Found class java.lang.Object, but interface was expected> (0x00000000f7d99868) 
thrown [s\src\hotspot\share\interpreter\linkResolver.cpp, line 840]

ZGC Phase Switch (0 events):
No events

VM Operations (20 events):
Event: 2828.525 Executing VM operation: HandshakeAllThreads (Deoptimize)
Event: 2828.526 Executing VM operation: HandshakeAllThreads (Deoptimize) done
Event: 2829.525 Executing VM operation: Cleanup
Event: 2829.525 Executing VM operation: Cleanup done
Event: 2829.608 Executing VM operation: HandshakeAllThreads (Deoptimize)
Event: 2829.609 Executing VM operation: HandshakeAllThreads (Deoptimize) done
Event: 2829.664 Executing VM operation: ParallelGCFailedAllocation (Allocation Failure)
Event: 2829.672 Executing VM operation: ParallelGCFailedAllocation (Allocation Failure) done
Event: 2829.827 Executing VM operation: HandshakeAllThreads (Deoptimize)
Event: 2829.834 Executing VM operation: HandshakeAllThreads (Deoptimize) done
Event: 2829.839 Executing VM operation: HandshakeAllThreads (Deoptimize)
Event: 2829.839 Executing VM operation: HandshakeAllThreads (Deoptimize) done
Event: 2829.932 Executing VM operation: ParallelGCFailedAllocation (Allocation Failure)
Event: 2829.957 Executing VM operation: ParallelGCFailedAllocation (Allocation Failure) done
Event: 2830.455 Executing VM operation: ParallelGCFailedAllocation (Allocation Failure)
Event: 2830.473 Executing VM operation: ParallelGCFailedAllocation (Allocation Failure) done
Event: 2830.783 Executing VM operation: HandshakeAllThreads (Deoptimize)
Event: 2830.784 Executing VM operation: HandshakeAllThreads (Deoptimize) done
Event: 2830.802 Executing VM operation: ParallelGCFailedAllocation (Allocation Failure)
Event: 2830.814 Executing VM operation: ParallelGCFailedAllocation (Allocation Failure) done

Memory protections (0 events):
No events

Nmethod flushes (20 events):
Event: 1064.241 Thread 0x000001ba3ac924c0 flushing  nmethod 0x000001ba2b2f3490
Event: 1064.241 Thread 0x000001ba3ac924c0 flushing  nmethod 0x000001ba2b2f8a10
Event: 1064.241 Thread 0x000001ba3ac924c0 flushing  nmethod 0x000001ba2b33a290
Event: 1064.241 Thread 0x000001ba3ac924c0 flushing  nmethod 0x000001ba2b33c810
Event: 1064.241 Thread 0x000001ba3ac924c0 flushing  nmethod 0x000001ba2b341f10
Event: 1064.241 Thread 0x000001ba3ac924c0 flushing  nmethod 0x000001ba2b383010
Event: 1064.241 Thread 0x000001ba3ac924c0 flushing  nmethod 0x000001ba2b3d3c10
Event: 1064.241 Thread 0x000001ba3ac924c0 flushing  nmethod 0x000001ba2b41cd10
Event: 1064.241 Thread 0x000001ba3ac924c0 flushing  nmethod 0x000001ba2b43ba10
Event: 1064.241 Thread 0x000001ba3ac924c0 flushing  nmethod 0x000001ba2b450190
Event: 1064.241 Thread 0x000001ba3ac924c0 flushing  nmethod 0x000001ba2b4c5a10
Event: 1064.241 Thread 0x000001ba3ac924c0 flushing  nmethod 0x000001ba2b4c5f10
Event: 1064.241 Thread 0x000001ba3ac924c0 flushing  nmethod 0x000001ba2b4d3290
Event: 1064.241 Thread 0x000001ba3ac924c0 flushing  nmethod 0x000001ba2b4d7610
Event: 1064.241 Thread 0x000001ba3ac924c0 flushing  nmethod 0x000001ba2b4d8990
Event: 1064.241 Thread 0x000001ba3ac924c0 flushing  nmethod 0x000001ba2b4dd810
Event: 1064.241 Thread 0x000001ba3ac924c0 flushing  nmethod 0x000001ba2b4de490
Event: 1064.241 Thread 0x000001ba3ac924c0 flushing  nmethod 0x000001ba2b4e6e10
Event: 1064.242 Thread 0x000001ba3ac924c0 flushing  nmethod 0x000001ba2b4f9610
Event: 1064.242 Thread 0x000001ba3ac924c0 flushing osr nmethod 0x000001ba2b4fa190

Events (20 events):
Event: 2822.098 Thread 0x000001ba7d888070 Thread added: 0x000001ba04a46970
Event: 2822.666 Thread 0x000001ba04a46970 Thread exited: 0x000001ba04a46970
Event: 2823.390 Thread 0x000001ba7d888070 Thread added: 0x000001ba04a46970
Event: 2823.889 Thread 0x000001ba04a46970 Thread exited: 0x000001ba04a46970
Event: 2824.081 Thread 0x000001ba7d888070 Thread added: 0x000001ba04a45bd0
Event: 2824.100 Thread 0x000001ba7d888070 Thread added: 0x000001ba04a46970
Event: 2826.875 Thread 0x000001ba0513cff0 Thread added: 0x000001ba0749c510
Event: 2826.877 Thread 0x000001ba0749c510 Thread added: 0x000001ba0749cba0
Event: 2826.879 Thread 0x000001ba0749cba0 Thread added: 0x000001ba05aebb60
Event: 2827.060 Thread 0x000001ba7e77efe0 Thread added: 0x000001ba05aec880
Event: 2827.094 Thread 0x000001ba048ab600 Thread added: 0x000001ba7e77dc30
Event: 2827.345 Thread 0x000001ba048ab600 Thread added: 0x000001ba7e77e2c0
Event: 2827.588 Thread 0x000001ba048ab600 Thread added: 0x000001ba0513e3a0
Event: 2827.588 Thread 0x000001ba048ab600 Thread added: 0x000001ba048aaf70
Event: 2827.930 Thread 0x000001ba05aec880 Thread added: 0x000001ba07f68110
Event: 2828.325 Thread 0x000001ba05aecf10 Thread added: 0x000001ba07f67a80
Event: 2828.434 Thread 0x000001ba04a46970 Thread exited: 0x000001ba04a46970
Event: 2829.753 Thread 0x000001ba048ab600 Thread added: 0x000001ba07f687a0
Event: 2829.897 Thread 0x000001ba048ab600 Thread added: 0x000001ba07f68e30
Event: 2829.900 Thread 0x000001ba048ab600 Thread added: 0x000001ba07f66d60


Dynamic libraries:
0x00007ff6e5d60000 - 0x00007ff6e5d6e000 	C:\Program Files\Eclipse Adoptium\jdk-21.0.5.11-hotspot\bin\java.exe
0x00007ffce1c60000 - 0x00007ffce1ec6000 	C:\WINDOWS\SYSTEM32\ntdll.dll
0x00007ffce08d0000 - 0x00007ffce0999000 	C:\WINDOWS\System32\KERNEL32.DLL
0x00007ffcdf200000 - 0x00007ffcdf5fa000 	C:\WINDOWS\System32\KERNELBASE.dll
0x00007ffcdf0b0000 - 0x00007ffcdf1fc000 	C:\WINDOWS\System32\ucrtbase.dll
0x00007ffc15830000 - 0x00007ffc15848000 	C:\Program Files\Eclipse Adoptium\jdk-21.0.5.11-hotspot\bin\jli.dll
0x00007ffc15810000 - 0x00007ffc1582e000 	C:\Program Files\Eclipse Adoptium\jdk-21.0.5.11-hotspot\bin\VCRUNTIME140.dll
0x00007ffce03d0000 - 0x00007ffce0597000 	C:\WINDOWS\System32\USER32.dll
0x00007ffcdf8f0000 - 0x00007ffcdf917000 	C:\WINDOWS\System32\win32u.dll
0x00007ffcdfa20000 - 0x00007ffcdfa4b000 	C:\WINDOWS\System32\GDI32.dll
0x00007ffcdef80000 - 0x00007ffcdf0ab000 	C:\WINDOWS\System32\gdi32full.dll
0x00007ffcdf920000 - 0x00007ffcdf9c3000 	C:\WINDOWS\System32\msvcp_win.dll
0x00007ffcc9f20000 - 0x00007ffcca1b2000 	C:\WINDOWS\WinSxS\amd64_microsoft.windows.common-controls_6595b64144ccf1df_6.0.26100.8521_none_3e08b75ce33403b3\COMCTL32.dll
0x00007ffce0ad0000 - 0x00007ffce0b79000 	C:\WINDOWS\System32\msvcrt.dll
0x00007ffcdfa50000 - 0x00007ffcdfa82000 	C:\WINDOWS\System32\IMM32.DLL
0x00007ffc15800000 - 0x00007ffc1580c000 	C:\Program Files\Eclipse Adoptium\jdk-21.0.5.11-hotspot\bin\vcruntime140_1.dll
0x00007ffc15770000 - 0x00007ffc157fd000 	C:\Program Files\Eclipse Adoptium\jdk-21.0.5.11-hotspot\bin\msvcp140.dll
0x00007ffc149e0000 - 0x00007ffc1576f000 	C:\Program Files\Eclipse Adoptium\jdk-21.0.5.11-hotspot\bin\server\jvm.dll
0x00007ffce17d0000 - 0x00007ffce1886000 	C:\WINDOWS\System32\ADVAPI32.dll
0x00007ffce0300000 - 0x00007ffce03aa000 	C:\WINDOWS\System32\sechost.dll
0x00007ffce09a0000 - 0x00007ffce0ab8000 	C:\WINDOWS\System32\RPCRT4.dll
0x00007ffce0830000 - 0x00007ffce08b0000 	C:\WINDOWS\System32\WS2_32.dll
0x00007ffcded50000 - 0x00007ffcdedae000 	C:\WINDOWS\SYSTEM32\POWRPROF.dll
0x00007ffcd46e0000 - 0x00007ffcd4716000 	C:\WINDOWS\SYSTEM32\WINMM.dll
0x00007ffcd64e0000 - 0x00007ffcd64eb000 	C:\WINDOWS\SYSTEM32\VERSION.dll
0x00007ffcded30000 - 0x00007ffcded44000 	C:\WINDOWS\SYSTEM32\UMPDC.dll
0x00007ffcddc80000 - 0x00007ffcddc9b000 	C:\WINDOWS\SYSTEM32\kernel.appcore.dll
0x00007ffc149d0000 - 0x00007ffc149da000 	C:\Program Files\Eclipse Adoptium\jdk-21.0.5.11-hotspot\bin\jimage.dll
0x00007ffcdc490000 - 0x00007ffcdc6d2000 	C:\WINDOWS\SYSTEM32\DBGHELP.DLL
0x00007ffce1890000 - 0x00007ffce1c13000 	C:\WINDOWS\System32\combase.dll
0x00007ffcdfa90000 - 0x00007ffcdfb69000 	C:\WINDOWS\System32\OLEAUT32.dll
0x00007ffcc5460000 - 0x00007ffcc549b000 	C:\WINDOWS\SYSTEM32\dbgcore.DLL
0x00007ffcdf840000 - 0x00007ffcdf8e8000 	C:\WINDOWS\System32\bcryptPrimitives.dll
0x00007ffc149c0000 - 0x00007ffc149cf000 	C:\Program Files\Eclipse Adoptium\jdk-21.0.5.11-hotspot\bin\instrument.dll
0x00007ffc149a0000 - 0x00007ffc149bf000 	C:\Program Files\Eclipse Adoptium\jdk-21.0.5.11-hotspot\bin\java.dll
0x00007ffcdfb70000 - 0x00007ffce02f4000 	C:\WINDOWS\System32\SHELL32.dll
0x00007ffcdc970000 - 0x00007ffcdd1f0000 	C:\WINDOWS\SYSTEM32\windows.storage.dll
0x00007ffce0730000 - 0x00007ffce0826000 	C:\WINDOWS\System32\SHCORE.dll
0x00007ffce1580000 - 0x00007ffce15e7000 	C:\WINDOWS\System32\shlwapi.dll
0x00007ffcdee10000 - 0x00007ffcdee39000 	C:\WINDOWS\SYSTEM32\profapi.dll
0x00007ffc119e0000 - 0x00007ffc11ab7000 	C:\Program Files\Eclipse Adoptium\jdk-21.0.5.11-hotspot\bin\jsvml.dll
0x00007ffc15cb0000 - 0x00007ffc15cc8000 	C:\Program Files\Eclipse Adoptium\jdk-21.0.5.11-hotspot\bin\zip.dll
0x00007ffc16220000 - 0x00007ffc16230000 	C:\Program Files\Eclipse Adoptium\jdk-21.0.5.11-hotspot\bin\net.dll
0x00007ffcd73c0000 - 0x00007ffcd74e9000 	C:\WINDOWS\SYSTEM32\WINHTTP.dll
0x00007ffcde1f0000 - 0x00007ffcde25c000 	C:\WINDOWS\system32\mswsock.dll
0x00007ffc16200000 - 0x00007ffc16216000 	C:\Program Files\Eclipse Adoptium\jdk-21.0.5.11-hotspot\bin\nio.dll
0x00007ffc164b0000 - 0x00007ffc164c0000 	C:\Program Files\Eclipse Adoptium\jdk-21.0.5.11-hotspot\bin\verify.dll
0x00007ffca90a0000 - 0x00007ffca90e5000 	C:\Users\ELCOT\AppData\Roaming\Code\User\globalStorage\redhat.java\1.55.0\config_win\org.eclipse.equinox.launcher\org.eclipse.equinox.launcher.win32.win32.x86_64_1.3.100.v20260613-0559\eclipse_11924.dll
0x00007ffce0b90000 - 0x00007ffce0d28000 	C:\WINDOWS\System32\ole32.dll
0x00007ffcde4e0000 - 0x00007ffcde4fb000 	C:\WINDOWS\SYSTEM32\CRYPTSP.dll
0x00007ffcddbe0000 - 0x00007ffcddc19000 	C:\WINDOWS\system32\rsaenh.dll
0x00007ffcde2a0000 - 0x00007ffcde2d3000 	C:\WINDOWS\SYSTEM32\USERENV.dll
0x00007ffcdede0000 - 0x00007ffcdee0a000 	C:\WINDOWS\SYSTEM32\bcrypt.dll
0x00007ffcde4d0000 - 0x00007ffcde4dc000 	C:\WINDOWS\SYSTEM32\CRYPTBASE.dll
0x00007ffcdd6b0000 - 0x00007ffcdd6e3000 	C:\WINDOWS\SYSTEM32\IPHLPAPI.DLL
0x00007ffce08c0000 - 0x00007ffce08ca000 	C:\WINDOWS\System32\NSI.dll
0x00007ffca9dc0000 - 0x00007ffca9e09000 	C:\Users\ELCOT\AppData\Local\Temp\jna-66053985\jna12429378819908045070.dll
0x00007ffce0ac0000 - 0x00007ffce0ac8000 	C:\WINDOWS\System32\PSAPI.DLL
0x00007ffcd8210000 - 0x00007ffcd822d000 	C:\WINDOWS\SYSTEM32\dhcpcsvc6.DLL
0x00007ffcd81e0000 - 0x00007ffcd8205000 	C:\WINDOWS\SYSTEM32\dhcpcsvc.DLL

dbghelp: loaded successfully - version: 4.0.5 - missing functions: none
symbol engine: initialized successfully - sym options: 0x614 - pdb path: .;C:\Program Files\Eclipse Adoptium\jdk-21.0.5.11-hotspot\bin;C:\WINDOWS\SYSTEM32;C:\WINDOWS\WinSxS\amd64_microsoft.windows.common-controls_6595b64144ccf1df_6.0.26100.8521_none_3e08b75ce33403b3;C:\Program Files\Eclipse Adoptium\jdk-21.0.5.11-hotspot\bin\server;C:\Users\ELCOT\AppData\Roaming\Code\User\globalStorage\redhat.java\1.55.0\config_win\org.eclipse.equinox.launcher\org.eclipse.equinox.launcher.win32.win32.x86_64_1.3.100.v20260613-0559;C:\Users\ELCOT\AppData\Local\Temp\jna-66053985

VM Arguments:
jvm_args: --add-modules=ALL-SYSTEM --add-opens=java.base/java.util=ALL-UNNAMED --add-opens=java.base/java.lang=ALL-UNNAMED --add-opens=java.base/sun.nio.fs=ALL-UNNAMED -Declipse.application=org.eclipse.jdt.ls.core.id1 -Dosgi.bundles.defaultStartLevel=4 -Declipse.product=org.eclipse.jdt.ls.core.product -Djava.import.generatesMetadataFilesAtProjectRoot=false -DDetectVMInstallationsJob.disabled=true -Dfile.encoding=utf8 -Xlog:disable -XX:+UseParallelGC -Xmx512m -Djava.net.preferIPv4Stack=true -javaagent:c:\Users\ELCOT\.vscode\extensions\redhat.java-1.55.0-win32-x64\lombok\lombok-1.18.39-4050.jar -XX:+HeapDumpOnOutOfMemoryError -XX:HeapDumpPath=c:\Users\ELCOT\AppData\Roaming\Code\User\workspaceStorage\f02c9adc40307c361029f37c68615d85\redhat.java -Daether.dependencyCollector.impl=bf 
java_command: c:\Users\ELCOT\.vscode\extensions\redhat.java-1.55.0-win32-x64\server\plugins\org.eclipse.equinox.launcher_1.7.200.v20260619-2039.jar -configuration c:\Users\ELCOT\AppData\Roaming\Code\User\globalStorage\redhat.java\1.55.0\config_win -data c:\Users\ELCOT\AppData\Roaming\Code\User\workspaceStorage\f02c9adc40307c361029f37c68615d85\redhat.java\jdt_ws --pipe=\\.\pipe\lsp-f4dca6660475ac97bafa53965c33e1be-sock
java_class_path (initial): c:\Users\ELCOT\.vscode\extensions\redhat.java-1.55.0-win32-x64\server\plugins\org.eclipse.equinox.launcher_1.7.200.v20260619-2039.jar
Launcher Type: SUN_STANDARD

[Global flags]
     intx CICompilerCount                          = 4                                         {product} {ergonomic}
     bool HeapDumpOnOutOfMemoryError               = true                                   {manageable} {command line}
    ccstr HeapDumpPath                             = c:\Users\ELCOT\AppData\Roaming\Code\User\workspaceStorage\f02c9adc40307c361029f37c68615d85\redhat.java         {manageable} {command line}
   size_t InitialHeapSize                          = 121634816                                 {product} {ergonomic}
   size_t MaxHeapSize                              = 536870912                                 {product} {command line}
   size_t MaxNewSize                               = 178782208                                 {product} {ergonomic}
   size_t MinHeapDeltaBytes                        = 524288                                    {product} {ergonomic}
   size_t MinHeapSize                              = 8388608                                   {product} {ergonomic}
   size_t NewSize                                  = 40370176                                  {product} {ergonomic}
    uintx NonNMethodCodeHeapSize                   = 5839372                                {pd product} {ergonomic}
    uintx NonProfiledCodeHeapSize                  = 122909434                              {pd product} {ergonomic}
   size_t OldSize                                  = 81264640                                  {product} {ergonomic}
    uintx ProfiledCodeHeapSize                     = 122909434                              {pd product} {ergonomic}
    uintx ReservedCodeCacheSize                    = 251658240                              {pd product} {ergonomic}
     bool SegmentedCodeCache                       = true                                      {product} {ergonomic}
   size_t SoftMaxHeapSize                          = 536870912                              {manageable} {ergonomic}
     bool UseCompressedOops                        = true                           {product lp64_product} {ergonomic}
     bool UseLargePagesIndividualAllocation        = false                                  {pd product} {ergonomic}
     bool UseParallelGC                            = true                                      {product} {command line}

Logging:
Log output configuration:
 #0: stdout all=off uptime,level,tags foldmultilines=false
 #1: stderr all=off uptime,level,tags foldmultilines=false

Environment Variables:
JAVA_HOME=C:\Program Files\Eclipse Adoptium\jdk-21.0.5.11-hotspot
PATH=D:\Downloads\apache-maven-3.9.14-bin\apache-maven-3.9.14\bin;C:\Program Files\Eclipse Adaptium\jdk-21.0.5.11-hotspot\bin;C:\Program Files\Eclipse Adoptium\jdk-21.0.5.11-hotspot\bin;D:\Downloads\jdk-21\bin;C:\Program Files\Eclipse Adoptium\jdk-21.0.5.11-hotspot\bin;D:\Downloads\jdk-21\bin;C:\Program Files\Eclipse Adoptium\jdk-21.0.5.11-hotspot\bin;D:\Downloads\jdk-21\bin;%PATH%;C:\Users\ELCOT\AppData\Local\Programs\Python\Python313\Scripts\;C:\Users\ELCOT\AppData\Local\Programs\Python\Python313\;C:\Users\ELCOT\AppData\Local\Programs\Python\Launcher\;C:\Users\ELCOT\.local\bin;C:\Program Files\MySQL\MySQL Shell 8.0\bin\;C:\Users\ELCOT\AppData\Local\Microsoft\WindowsApps;C:\Users\ELCOT\AppData\Local\Programs\Microsoft VS Code\bin;C:\Users\ELCOT\AppData\Local\Programs\Python\Python313\Scripts\;C:\Users\ELCOT\AppData\Local\Programs\Python\Python313\;C:\Users\ELCOT\AppData\Local\Programs\Python\Launcher\;C:\Users\ELCOT\.local\bin;C:\Program Files\MySQL\MySQL Shell 8.0\bin\;C:\Users\ELCOT\AppData\Local\Microsoft\WindowsApps;C:\Users\ELCOT\AppData\Local\Programs\Microsoft VS Code\bin;C:\Program Files\Git\bin;C:\Program Files\Git\cmd;D:\Downloads\;C:\Users\ELCOT\AppData\Local\agy\bin;C:\Users\ELCOT\AppData\Local\Programs\Python\Python313\Scripts\;C:\Users\ELCOT\AppData\Local\Programs\Python\Python313\;C:\Users\ELCOT\AppData\Local\Programs\Python\Launcher\;C:\Users\ELCOT\.local\bin;C:\Program Files\MySQL\MySQL Shell 8.0\bin\;C:\Users\ELCOT\AppData\Local\Microsoft\WindowsApps;C:\Users\ELCOT\AppData\Local\Programs\Microsoft VS Code\bin;D:\Downloads\Antigravity IDE\bin;C:\Users\ELCOT\AppData\Roaming\npm
USERNAME=ELCOT
OS=Windows_NT
PROCESSOR_IDENTIFIER=AMD64 Family 23 Model 160 Stepping 0, AuthenticAMD
TMP=C:\Users\ELCOT\AppData\Local\Temp
TEMP=C:\Users\ELCOT\AppData\Local\Temp




Periodic native trim disabled

---------------  S Y S T E M  ---------------

OS:
 Windows 11 , 64 bit Build 26100 (10.0.26100.8521)
OS uptime: 0 days 0:50 hours
Hyper-V role detected

CPU: total 8 (initial active 8) (8 cores per cpu, 2 threads per core) family 23 model 160 stepping 0 microcode 0x8a0000b, cx8, cmov, fxsr, ht, mmx, 3dnowpref, sse, sse2, sse3, ssse3, sse4a, sse4.1, sse4.2, popcnt, lzcnt, tsc, tscinvbit, avx, avx2, aes, clmul, bmi1, bmi2, adx, sha, fma, vzeroupper, clflush, clflushopt, hv, rdtscp, rdpid, f16c
Processor Information for all 8 processors :
  Max Mhz: 2401, Current Mhz: 2401, Mhz Limit: 2401

Memory: 4k page, system-wide physical 7379M (570M free)
TotalPageFile size 15085M (AvailPageFile size 6M)
current process WorkingSet (physical memory assigned to process): 517M, peak: 519M
current process commit charge ("private bytes"): 655M, peak: 659M

vm_info: OpenJDK 64-Bit Server VM (21.0.5+11-LTS) for windows-amd64 JRE (21.0.5+11-LTS), built on 2024-10-15T00:00:00Z by "admin" with MS VC++ 17.7 (VS2022)

END.
